area_name,species_code,notes
Area_TH4_001,,
Area_TH5_001,,
Area_TH6_001,,
Area_TH7_001,,
Area_TH8_001,,
Area_Villa4_001,,
Area_TH7_002,,
Area_TH7_003,,
Area_TH6_002,,
Area_TH5_002,,
Area_TH5_003,,
Area_Site_001,,
Area_Villa4_002,,
Area_Villa4_003,,
Area_Villa4_004,,
Area_Villa4_005,,
Area_Villa5_001,,
Area_Villa5_002,,
Area_Villa5_003,,
Area_Villa5_004,,
Area_Villa5_005,,
Area_Villa5_006,,
Area_Villa5_007,,
Area_Villa5_008,,
Area_Villa6_001,,
Area_Villa6_002,,
Area_Villa6_003,,
Area_Villa6_004,,
Area_Villa6_005,,
Area_Villa6_006,,
