dummy_name,species_code,layer
CE_001,CE,Plants_Trees
BU_001,BU,Plants_Trees
CES_001,CES,Plants_Shrubs
CES_002,CES,Plants_Shrubs
CES_003,CES,Plants_Shrubs
CES_004,CES,Plants_Shrubs
CHR_001,CHR,Plants_Shrubs
ED_001,ED,Plants_Trees
LJ_001,LJ,Plants_Trees
ED_002,ED,Plants_Trees
CHR_002,CHR,Plants_Shrubs
LJ_002,LJ,Plants_Trees
PSY_001,PSY,Plants_Shrubs
PSY_002,PSY,Plants_Shrubs
PSY_003,PSY,Plants_Shrubs
PSY_004,PSY,Plants_Shrubs
HAM_001,HAM,Plants_Shrubs
HAM_002,HAM,Plants_Shrubs
HAM_003,HAM,Plants_Shrubs
HAM_004,HAM,Plants_Shrubs
HAM_005,HAM,Plants_Shrubs
HAM_006,HAM,Plants_Shrubs
HAM_007,HAM,Plants_Shrubs
HAM_008,HAM,Plants_Shrubs
HAM_009,HAM,Plants_Shrubs
HAM_010,HAM,Plants_Shrubs
HAM_011,HAM,Plants_Shrubs
HAM_012,HAM,Plants_Shrubs
HAM_013,HAM,Plants_Shrubs
HAM_014,HAM,Plants_Shrubs
PSY_005,PSY,Plants_Shrubs
PSY_006,PSY,Plants_Shrubs
PSY_007,PSY,Plants_Shrubs
PSY_008,PSY,Plants_Shrubs
PSY_009,PSY,Plants_Shrubs
PSY_010,PSY,Plants_Shrubs
PSY_011,PSY,Plants_Shrubs
PSY_012,PSY,Plants_Shrubs
PSY_013,PSY,Plants_Shrubs
PSY_014,PSY,Plants_Shrubs
PSY_015,PSY,Plants_Shrubs
PSY_016,PSY,Plants_Shrubs
PSY_017,PSY,Plants_Shrubs
PSY_018,PSY,Plants_Shrubs
PSY_019,PSY,Plants_Shrubs
PSY_020,PSY,Plants_Shrubs
PSY_021,PSY,Plants_Shrubs
PSY_022,PSY,Plants_Shrubs
PSY_023,PSY,Plants_Shrubs
PSY_024,PSY,Plants_Shrubs
PSY_025,PSY,Plants_Shrubs
PSY_026,PSY,Plants_Shrubs
PSY_027,PSY,Plants_Shrubs
PSY_028,PSY,Plants_Shrubs
PSY_029,PSY,Plants_Shrubs
PSY_030,PSY,Plants_Shrubs
PSY_031,PSY,Plants_Shrubs
PSY_032,PSY,Plants_Shrubs
PSY_033,PSY,Plants_Shrubs
PSY_034,PSY,Plants_Shrubs
PSY_035,PSY,Plants_Shrubs
PSY_036,PSY,Plants_Shrubs
HAM_015,HAM,Plants_Shrubs
HAM_016,HAM,Plants_Shrubs
LJ_003,LJ,Plants_Trees
CHR_003,CHR,Plants_Shrubs
CG_001,CG,Plants_Trees
CHR_004,CHR,Plants_Shrubs
CG_002,CG,Plants_Trees
CES_005,CES,Plants_Shrubs
CES_006,CES,Plants_Shrubs
ED_003,ED,Plants_Trees
LJ_004,LJ,Plants_Trees
PSY_037,PSY,Plants_Shrubs
PSY_038,PSY,Plants_Shrubs
PSY_039,PSY,Plants_Shrubs
PSY_040,PSY,Plants_Shrubs
HAM_017,HAM,Plants_Shrubs
HAM_018,HAM,Plants_Shrubs
HAM_019,HAM,Plants_Shrubs
HAM_020,HAM,Plants_Shrubs
HAM_021,HAM,Plants_Shrubs
PSY_041,PSY,Plants_Shrubs
HAM_022,HAM,Plants_Shrubs
HAM_023,HAM,Plants_Shrubs
HAM_024,HAM,Plants_Shrubs
HAM_025,HAM,Plants_Shrubs
HAM_026,HAM,Plants_Shrubs
HAM_027,HAM,Plants_Shrubs
HAM_028,HAM,Plants_Shrubs
HAM_029,HAM,Plants_Shrubs
HAM_030,HAM,Plants_Shrubs
HAM_031,HAM,Plants_Shrubs
PSY_042,PSY,Plants_Shrubs
PSY_043,PSY,Plants_Shrubs
PSY_044,PSY,Plants_Shrubs
PSY_045,PSY,Plants_Shrubs
PSY_046,PSY,Plants_Shrubs
PSY_047,PSY,Plants_Shrubs
PSY_048,PSY,Plants_Shrubs
PSY_049,PSY,Plants_Shrubs
PSY_050,PSY,Plants_Shrubs
PSY_051,PSY,Plants_Shrubs
PSY_052,PSY,Plants_Shrubs
PSY_053,PSY,Plants_Shrubs
PSY_054,PSY,Plants_Shrubs
PSY_055,PSY,Plants_Shrubs
PSY_056,PSY,Plants_Shrubs
PSY_057,PSY,Plants_Shrubs
PSY_058,PSY,Plants_Shrubs
PSY_059,PSY,Plants_Shrubs
PSY_060,PSY,Plants_Shrubs
PSY_061,PSY,Plants_Shrubs
PSY_062,PSY,Plants_Shrubs
PSY_063,PSY,Plants_Shrubs
PSY_064,PSY,Plants_Shrubs
PSY_065,PSY,Plants_Shrubs
PSY_066,PSY,Plants_Shrubs
PSY_067,PSY,Plants_Shrubs
PSY_068,PSY,Plants_Shrubs
PSY_069,PSY,Plants_Shrubs
PSY_070,PSY,Plants_Shrubs
PSY_071,PSY,Plants_Shrubs
PSY_072,PSY,Plants_Shrubs
PSY_073,PSY,Plants_Shrubs
PSY_074,PSY,Plants_Shrubs
PSY_075,PSY,Plants_Shrubs
PSY_076,PSY,Plants_Shrubs
PSY_077,PSY,Plants_Shrubs
PSY_078,PSY,Plants_Shrubs
PSY_079,PSY,Plants_Shrubs
PSY_080,PSY,Plants_Shrubs
PSY_081,PSY,Plants_Shrubs
PSY_082,PSY,Plants_Shrubs
PSY_083,PSY,Plants_Shrubs
PSY_084,PSY,Plants_Shrubs
PSY_085,PSY,Plants_Shrubs
CES_007,CES,Plants_Shrubs
CES_008,CES,Plants_Shrubs
CES_009,CES,Plants_Shrubs
CES_010,CES,Plants_Shrubs
CHR_005,CHR,Plants_Shrubs
ED_004,ED,Plants_Trees
ED_005,ED,Plants_Trees
CHR_006,CHR,Plants_Shrubs
LJ_005,LJ,Plants_Trees
LJ_006,LJ,Plants_Trees
LJ_007,LJ,Plants_Trees
CRI_001,CRI,Plants_Shrubs
CRI_002,CRI,Plants_Shrubs
CG_003,CG,Plants_Trees
PSY_086,PSY,Plants_Shrubs
PSY_087,PSY,Plants_Shrubs
HAM_032,HAM,Plants_Shrubs
HAM_033,HAM,Plants_Shrubs
HAM_034,HAM,Plants_Shrubs
HAM_035,HAM,Plants_Shrubs
HAM_036,HAM,Plants_Shrubs
HAM_037,HAM,Plants_Shrubs
PSY_088,PSY,Plants_Shrubs
PSY_089,PSY,Plants_Shrubs
HAM_038,HAM,Plants_Shrubs
HAM_039,HAM,Plants_Shrubs
HAM_040,HAM,Plants_Shrubs
HAM_041,HAM,Plants_Shrubs
HAM_042,HAM,Plants_Shrubs
HAM_043,HAM,Plants_Shrubs
HAM_044,HAM,Plants_Shrubs
HAM_045,HAM,Plants_Shrubs
HAM_046,HAM,Plants_Shrubs
HAM_047,HAM,Plants_Shrubs
HAM_048,HAM,Plants_Shrubs
HAM_049,HAM,Plants_Shrubs
HAM_050,HAM,Plants_Shrubs
HAM_051,HAM,Plants_Shrubs
HAM_052,HAM,Plants_Shrubs
HAM_053,HAM,Plants_Shrubs
HAM_054,HAM,Plants_Shrubs
HAM_055,HAM,Plants_Shrubs
HAM_056,HAM,Plants_Shrubs
HAM_057,HAM,Plants_Shrubs
HAM_058,HAM,Plants_Shrubs
HAM_059,HAM,Plants_Shrubs
PSY_090,PSY,Plants_Shrubs
PSY_091,PSY,Plants_Shrubs
PSY_092,PSY,Plants_Shrubs
PSY_093,PSY,Plants_Shrubs
PSY_094,PSY,Plants_Shrubs
PSY_095,PSY,Plants_Shrubs
PSY_096,PSY,Plants_Shrubs
PSY_097,PSY,Plants_Shrubs
PSY_098,PSY,Plants_Shrubs
PSY_099,PSY,Plants_Shrubs
PSY_100,PSY,Plants_Shrubs
PSY_101,PSY,Plants_Shrubs
PSY_102,PSY,Plants_Shrubs
PSY_103,PSY,Plants_Shrubs
PSY_104,PSY,Plants_Shrubs
PSY_105,PSY,Plants_Shrubs
PSY_106,PSY,Plants_Shrubs
PSY_107,PSY,Plants_Shrubs
PSY_108,PSY,Plants_Shrubs
PSY_109,PSY,Plants_Shrubs
PSY_110,PSY,Plants_Shrubs
PSY_111,PSY,Plants_Shrubs
PSY_112,PSY,Plants_Shrubs
PSY_113,PSY,Plants_Shrubs
PSY_114,PSY,Plants_Shrubs
PSY_115,PSY,Plants_Shrubs
PSY_116,PSY,Plants_Shrubs
PSY_117,PSY,Plants_Shrubs
PSY_118,PSY,Plants_Shrubs
PSY_119,PSY,Plants_Shrubs
PSY_120,PSY,Plants_Shrubs
PSY_121,PSY,Plants_Shrubs
PSY_122,PSY,Plants_Shrubs
PSY_123,PSY,Plants_Shrubs
LJ_008,LJ,Plants_Trees
CHR_007,CHR,Plants_Shrubs
CG_004,CG,Plants_Trees
CHR_008,CHR,Plants_Shrubs
CG_005,CG,Plants_Trees
CES_011,CES,Plants_Shrubs
LJ_009,LJ,Plants_Trees
LJ_010,LJ,Plants_Trees
CES_012,CES,Plants_Shrubs
ED_006,ED,Plants_Trees
ED_007,ED,Plants_Trees
CRI_003,CRI,Plants_Shrubs
PSY_124,PSY,Plants_Shrubs
PSY_125,PSY,Plants_Shrubs
PSY_126,PSY,Plants_Shrubs
HAM_060,HAM,Plants_Shrubs
HAM_061,HAM,Plants_Shrubs
HAM_062,HAM,Plants_Shrubs
HAM_063,HAM,Plants_Shrubs
HAM_064,HAM,Plants_Shrubs
HAM_065,HAM,Plants_Shrubs
HAM_066,HAM,Plants_Shrubs
HAM_067,HAM,Plants_Shrubs
HAM_068,HAM,Plants_Shrubs
HAM_069,HAM,Plants_Shrubs
HAM_070,HAM,Plants_Shrubs
PSY_127,PSY,Plants_Shrubs
PSY_128,PSY,Plants_Shrubs
HAM_071,HAM,Plants_Shrubs
HAM_072,HAM,Plants_Shrubs
HAM_073,HAM,Plants_Shrubs
HAM_074,HAM,Plants_Shrubs
HAM_075,HAM,Plants_Shrubs
HAM_076,HAM,Plants_Shrubs
HAM_077,HAM,Plants_Shrubs
HAM_078,HAM,Plants_Shrubs
HAM_079,HAM,Plants_Shrubs
HAM_080,HAM,Plants_Shrubs
HAM_081,HAM,Plants_Shrubs
HAM_082,HAM,Plants_Shrubs
HAM_083,HAM,Plants_Shrubs
HAM_084,HAM,Plants_Shrubs
PSY_129,PSY,Plants_Shrubs
PSY_130,PSY,Plants_Shrubs
PSY_131,PSY,Plants_Shrubs
PSY_132,PSY,Plants_Shrubs
PSY_133,PSY,Plants_Shrubs
PSY_134,PSY,Plants_Shrubs
PSY_135,PSY,Plants_Shrubs
PSY_136,PSY,Plants_Shrubs
PSY_137,PSY,Plants_Shrubs
PSY_138,PSY,Plants_Shrubs
PSY_139,PSY,Plants_Shrubs
PSY_140,PSY,Plants_Shrubs
PSY_141,PSY,Plants_Shrubs
PSY_142,PSY,Plants_Shrubs
PSY_143,PSY,Plants_Shrubs
PSY_144,PSY,Plants_Shrubs
PSY_145,PSY,Plants_Shrubs
PSY_146,PSY,Plants_Shrubs
PSY_147,PSY,Plants_Shrubs
PSY_148,PSY,Plants_Shrubs
PSY_149,PSY,Plants_Shrubs
PSY_150,PSY,Plants_Shrubs
PSY_151,PSY,Plants_Shrubs
PSY_152,PSY,Plants_Shrubs
PSY_153,PSY,Plants_Shrubs
PSY_154,PSY,Plants_Shrubs
PSY_155,PSY,Plants_Shrubs
PSY_156,PSY,Plants_Shrubs
PSY_157,PSY,Plants_Shrubs
PSY_158,PSY,Plants_Shrubs
PSY_159,PSY,Plants_Shrubs
PSY_160,PSY,Plants_Shrubs
PSY_161,PSY,Plants_Shrubs
PSY_162,PSY,Plants_Shrubs
PSY_163,PSY,Plants_Shrubs
PSY_164,PSY,Plants_Shrubs
PSY_165,PSY,Plants_Shrubs
PSY_166,PSY,Plants_Shrubs
PSY_167,PSY,Plants_Shrubs
PSY_168,PSY,Plants_Shrubs
PSY_169,PSY,Plants_Shrubs
PSY_170,PSY,Plants_Shrubs
PSY_171,PSY,Plants_Shrubs
PSY_172,PSY,Plants_Shrubs
PSY_173,PSY,Plants_Shrubs
PSY_174,PSY,Plants_Shrubs
PSY_175,PSY,Plants_Shrubs
PSY_176,PSY,Plants_Shrubs
PSY_177,PSY,Plants_Shrubs
PSY_178,PSY,Plants_Shrubs
PSY_179,PSY,Plants_Shrubs
PSY_180,PSY,Plants_Shrubs
PSY_181,PSY,Plants_Shrubs
PSY_182,PSY,Plants_Shrubs
PSY_183,PSY,Plants_Shrubs
CES_013,CES,Plants_Shrubs
CES_014,CES,Plants_Shrubs
CES_015,CES,Plants_Shrubs
CES_016,CES,Plants_Shrubs
ED_008,ED,Plants_Trees
ED_009,ED,Plants_Trees
CES_017,CES,Plants_Shrubs
ED_010,ED,Plants_Trees
CES_018,CES,Plants_Shrubs
ED_011,ED,Plants_Trees
CHR_009,CHR,Plants_Shrubs
LJ_011,LJ,Plants_Trees
CHR_010,CHR,Plants_Shrubs
CG_006,CG,Plants_Trees
LJ_012,LJ,Plants_Trees
LJ_013,LJ,Plants_Trees
PSY_184,PSY,Plants_Shrubs
PSY_185,PSY,Plants_Shrubs
PSY_186,PSY,Plants_Shrubs
PSY_187,PSY,Plants_Shrubs
HAM_085,HAM,Plants_Shrubs
HAM_086,HAM,Plants_Shrubs
HAM_087,HAM,Plants_Shrubs
HAM_088,HAM,Plants_Shrubs
HAM_089,HAM,Plants_Shrubs
HAM_090,HAM,Plants_Shrubs
HAM_091,HAM,Plants_Shrubs
HAM_092,HAM,Plants_Shrubs
HAM_093,HAM,Plants_Shrubs
HAM_094,HAM,Plants_Shrubs
HAM_095,HAM,Plants_Shrubs
HAM_096,HAM,Plants_Shrubs
HAM_097,HAM,Plants_Shrubs
HAM_098,HAM,Plants_Shrubs
HAM_099,HAM,Plants_Shrubs
HAM_100,HAM,Plants_Shrubs
HAM_101,HAM,Plants_Shrubs
HAM_102,HAM,Plants_Shrubs
HAM_103,HAM,Plants_Shrubs
HAM_104,HAM,Plants_Shrubs
HAM_105,HAM,Plants_Shrubs
HAM_106,HAM,Plants_Shrubs
HAM_107,HAM,Plants_Shrubs
HAM_108,HAM,Plants_Shrubs
PSY_188,PSY,Plants_Shrubs
HAM_109,HAM,Plants_Shrubs
HAM_110,HAM,Plants_Shrubs
HAM_111,HAM,Plants_Shrubs
HAM_112,HAM,Plants_Shrubs
PSY_189,PSY,Plants_Shrubs
PSY_190,PSY,Plants_Shrubs
PSY_191,PSY,Plants_Shrubs
PSY_192,PSY,Plants_Shrubs
PSY_193,PSY,Plants_Shrubs
PSY_194,PSY,Plants_Shrubs
PSY_195,PSY,Plants_Shrubs
PSY_196,PSY,Plants_Shrubs
PSY_197,PSY,Plants_Shrubs
PSY_198,PSY,Plants_Shrubs
PSY_199,PSY,Plants_Shrubs
PSY_200,PSY,Plants_Shrubs
PSY_201,PSY,Plants_Shrubs
PSY_202,PSY,Plants_Shrubs
PSY_203,PSY,Plants_Shrubs
PSY_204,PSY,Plants_Shrubs
PSY_205,PSY,Plants_Shrubs
PSY_206,PSY,Plants_Shrubs
PSY_207,PSY,Plants_Shrubs
PSY_208,PSY,Plants_Shrubs
PSY_209,PSY,Plants_Shrubs
PSY_210,PSY,Plants_Shrubs
PSY_211,PSY,Plants_Shrubs
PSY_212,PSY,Plants_Shrubs
PSY_213,PSY,Plants_Shrubs
PSY_214,PSY,Plants_Shrubs
PSY_215,PSY,Plants_Shrubs
PSY_216,PSY,Plants_Shrubs
PSY_217,PSY,Plants_Shrubs
PSY_218,PSY,Plants_Shrubs
PSY_219,PSY,Plants_Shrubs
PSY_220,PSY,Plants_Shrubs
PSY_221,PSY,Plants_Shrubs
PSY_222,PSY,Plants_Shrubs
PSY_223,PSY,Plants_Shrubs
PSY_224,PSY,Plants_Shrubs
PSY_225,PSY,Plants_Shrubs
PSY_226,PSY,Plants_Shrubs
PSY_227,PSY,Plants_Shrubs
CRI_004,CRI,Plants_Shrubs
QV_001,QV,Plants_Trees
CR_001,CR,Plants_Trees
CRI_005,CRI,Plants_Shrubs
CR_002,CR,Plants_Trees
CHR_011,CHR,Plants_Shrubs
CHR_012,CHR,Plants_Shrubs
CHR_013,CHR,Plants_Shrubs
CHR_014,CHR,Plants_Shrubs
QV_002,QV,Plants_Trees
CRI_006,CRI,Plants_Shrubs
LJ_014,LJ,Plants_Trees
CHR_015,CHR,Plants_Shrubs
CG_007,CG,Plants_Trees
CHR_016,CHR,Plants_Shrubs
CG_008,CG,Plants_Trees
CES_019,CES,Plants_Shrubs
LJ_015,LJ,Plants_Trees
LJ_016,LJ,Plants_Trees
CES_020,CES,Plants_Shrubs
ED_012,ED,Plants_Trees
ED_013,ED,Plants_Trees
CRI_007,CRI,Plants_Shrubs
PSY_228,PSY,Plants_Shrubs
PSY_229,PSY,Plants_Shrubs
PSY_230,PSY,Plants_Shrubs
HAM_113,HAM,Plants_Shrubs
HAM_114,HAM,Plants_Shrubs
HAM_115,HAM,Plants_Shrubs
HAM_116,HAM,Plants_Shrubs
HAM_117,HAM,Plants_Shrubs
HAM_118,HAM,Plants_Shrubs
HAM_119,HAM,Plants_Shrubs
HAM_120,HAM,Plants_Shrubs
HAM_121,HAM,Plants_Shrubs
HAM_122,HAM,Plants_Shrubs
HAM_123,HAM,Plants_Shrubs
PSY_231,PSY,Plants_Shrubs
PSY_232,PSY,Plants_Shrubs
HAM_124,HAM,Plants_Shrubs
HAM_125,HAM,Plants_Shrubs
HAM_126,HAM,Plants_Shrubs
HAM_127,HAM,Plants_Shrubs
HAM_128,HAM,Plants_Shrubs
HAM_129,HAM,Plants_Shrubs
HAM_130,HAM,Plants_Shrubs
HAM_131,HAM,Plants_Shrubs
HAM_132,HAM,Plants_Shrubs
HAM_133,HAM,Plants_Shrubs
HAM_134,HAM,Plants_Shrubs
HAM_135,HAM,Plants_Shrubs
HAM_136,HAM,Plants_Shrubs
HAM_137,HAM,Plants_Shrubs
PSY_233,PSY,Plants_Shrubs
PSY_234,PSY,Plants_Shrubs
PSY_235,PSY,Plants_Shrubs
PSY_236,PSY,Plants_Shrubs
PSY_237,PSY,Plants_Shrubs
PSY_238,PSY,Plants_Shrubs
PSY_239,PSY,Plants_Shrubs
PSY_240,PSY,Plants_Shrubs
PSY_241,PSY,Plants_Shrubs
PSY_242,PSY,Plants_Shrubs
PSY_243,PSY,Plants_Shrubs
PSY_244,PSY,Plants_Shrubs
PSY_245,PSY,Plants_Shrubs
PSY_246,PSY,Plants_Shrubs
PSY_247,PSY,Plants_Shrubs
PSY_248,PSY,Plants_Shrubs
PSY_249,PSY,Plants_Shrubs
PSY_250,PSY,Plants_Shrubs
PSY_251,PSY,Plants_Shrubs
PSY_252,PSY,Plants_Shrubs
PSY_253,PSY,Plants_Shrubs
PSY_254,PSY,Plants_Shrubs
PSY_255,PSY,Plants_Shrubs
PSY_256,PSY,Plants_Shrubs
PSY_257,PSY,Plants_Shrubs
PSY_258,PSY,Plants_Shrubs
PSY_259,PSY,Plants_Shrubs
PSY_260,PSY,Plants_Shrubs
PSY_261,PSY,Plants_Shrubs
PSY_262,PSY,Plants_Shrubs
PSY_263,PSY,Plants_Shrubs
PSY_264,PSY,Plants_Shrubs
PSY_265,PSY,Plants_Shrubs
PSY_266,PSY,Plants_Shrubs
PSY_267,PSY,Plants_Shrubs
PSY_268,PSY,Plants_Shrubs
PSY_269,PSY,Plants_Shrubs
PSY_270,PSY,Plants_Shrubs
PSY_271,PSY,Plants_Shrubs
PSY_272,PSY,Plants_Shrubs
PSY_273,PSY,Plants_Shrubs
PSY_274,PSY,Plants_Shrubs
PSY_275,PSY,Plants_Shrubs
PSY_276,PSY,Plants_Shrubs
PSY_277,PSY,Plants_Shrubs
PSY_278,PSY,Plants_Shrubs
PSY_279,PSY,Plants_Shrubs
PSY_280,PSY,Plants_Shrubs
PSY_281,PSY,Plants_Shrubs
PSY_282,PSY,Plants_Shrubs
PSY_283,PSY,Plants_Shrubs
PSY_284,PSY,Plants_Shrubs
PSY_285,PSY,Plants_Shrubs
PSY_286,PSY,Plants_Shrubs
PSY_287,PSY,Plants_Shrubs
LJ_017,LJ,Plants_Trees
CHR_017,CHR,Plants_Shrubs
CG_009,CG,Plants_Trees
CHR_018,CHR,Plants_Shrubs
CG_010,CG,Plants_Trees
CES_021,CES,Plants_Shrubs
LJ_018,LJ,Plants_Trees
LJ_019,LJ,Plants_Trees
CES_022,CES,Plants_Shrubs
ED_014,ED,Plants_Trees
ED_015,ED,Plants_Trees
CRI_008,CRI,Plants_Shrubs
PSY_288,PSY,Plants_Shrubs
PSY_289,PSY,Plants_Shrubs
PSY_290,PSY,Plants_Shrubs
HAM_138,HAM,Plants_Shrubs
HAM_139,HAM,Plants_Shrubs
HAM_140,HAM,Plants_Shrubs
HAM_141,HAM,Plants_Shrubs
HAM_142,HAM,Plants_Shrubs
HAM_143,HAM,Plants_Shrubs
HAM_144,HAM,Plants_Shrubs
HAM_145,HAM,Plants_Shrubs
HAM_146,HAM,Plants_Shrubs
HAM_147,HAM,Plants_Shrubs
HAM_148,HAM,Plants_Shrubs
PSY_291,PSY,Plants_Shrubs
PSY_292,PSY,Plants_Shrubs
HAM_149,HAM,Plants_Shrubs
HAM_150,HAM,Plants_Shrubs
HAM_151,HAM,Plants_Shrubs
HAM_152,HAM,Plants_Shrubs
HAM_153,HAM,Plants_Shrubs
HAM_154,HAM,Plants_Shrubs
HAM_155,HAM,Plants_Shrubs
HAM_156,HAM,Plants_Shrubs
HAM_157,HAM,Plants_Shrubs
HAM_158,HAM,Plants_Shrubs
HAM_159,HAM,Plants_Shrubs
HAM_160,HAM,Plants_Shrubs
HAM_161,HAM,Plants_Shrubs
HAM_162,HAM,Plants_Shrubs
PSY_293,PSY,Plants_Shrubs
PSY_294,PSY,Plants_Shrubs
PSY_295,PSY,Plants_Shrubs
PSY_296,PSY,Plants_Shrubs
PSY_297,PSY,Plants_Shrubs
PSY_298,PSY,Plants_Shrubs
PSY_299,PSY,Plants_Shrubs
PSY_300,PSY,Plants_Shrubs
PSY_301,PSY,Plants_Shrubs
PSY_302,PSY,Plants_Shrubs
PSY_303,PSY,Plants_Shrubs
PSY_304,PSY,Plants_Shrubs
PSY_305,PSY,Plants_Shrubs
PSY_306,PSY,Plants_Shrubs
PSY_307,PSY,Plants_Shrubs
PSY_308,PSY,Plants_Shrubs
PSY_309,PSY,Plants_Shrubs
PSY_310,PSY,Plants_Shrubs
PSY_311,PSY,Plants_Shrubs
PSY_312,PSY,Plants_Shrubs
PSY_313,PSY,Plants_Shrubs
PSY_314,PSY,Plants_Shrubs
PSY_315,PSY,Plants_Shrubs
PSY_316,PSY,Plants_Shrubs
PSY_317,PSY,Plants_Shrubs
PSY_318,PSY,Plants_Shrubs
PSY_319,PSY,Plants_Shrubs
PSY_320,PSY,Plants_Shrubs
PSY_321,PSY,Plants_Shrubs
PSY_322,PSY,Plants_Shrubs
PSY_323,PSY,Plants_Shrubs
PSY_324,PSY,Plants_Shrubs
PSY_325,PSY,Plants_Shrubs
PSY_326,PSY,Plants_Shrubs
PSY_327,PSY,Plants_Shrubs
PSY_328,PSY,Plants_Shrubs
PSY_329,PSY,Plants_Shrubs
PSY_330,PSY,Plants_Shrubs
PSY_331,PSY,Plants_Shrubs
PSY_332,PSY,Plants_Shrubs
PSY_333,PSY,Plants_Shrubs
PSY_334,PSY,Plants_Shrubs
PSY_335,PSY,Plants_Shrubs
PSY_336,PSY,Plants_Shrubs
PSY_337,PSY,Plants_Shrubs
PSY_338,PSY,Plants_Shrubs
PSY_339,PSY,Plants_Shrubs
PSY_340,PSY,Plants_Shrubs
PSY_341,PSY,Plants_Shrubs
PSY_342,PSY,Plants_Shrubs
PSY_343,PSY,Plants_Shrubs
PSY_344,PSY,Plants_Shrubs
PSY_345,PSY,Plants_Shrubs
PSY_346,PSY,Plants_Shrubs
PSY_347,PSY,Plants_Shrubs
CES_023,CES,Plants_Shrubs
CES_024,CES,Plants_Shrubs
CES_025,CES,Plants_Shrubs
CES_026,CES,Plants_Shrubs
CHR_019,CHR,Plants_Shrubs
ED_016,ED,Plants_Trees
ED_017,ED,Plants_Trees
CHR_020,CHR,Plants_Shrubs
LJ_020,LJ,Plants_Trees
LJ_021,LJ,Plants_Trees
LJ_022,LJ,Plants_Trees
CRI_009,CRI,Plants_Shrubs
CRI_010,CRI,Plants_Shrubs
CG_011,CG,Plants_Trees
PSY_348,PSY,Plants_Shrubs
PSY_349,PSY,Plants_Shrubs
HAM_163,HAM,Plants_Shrubs
HAM_164,HAM,Plants_Shrubs
HAM_165,HAM,Plants_Shrubs
HAM_166,HAM,Plants_Shrubs
HAM_167,HAM,Plants_Shrubs
HAM_168,HAM,Plants_Shrubs
PSY_350,PSY,Plants_Shrubs
PSY_351,PSY,Plants_Shrubs
HAM_169,HAM,Plants_Shrubs
HAM_170,HAM,Plants_Shrubs
HAM_171,HAM,Plants_Shrubs
HAM_172,HAM,Plants_Shrubs
HAM_173,HAM,Plants_Shrubs
HAM_174,HAM,Plants_Shrubs
HAM_175,HAM,Plants_Shrubs
HAM_176,HAM,Plants_Shrubs
HAM_177,HAM,Plants_Shrubs
HAM_178,HAM,Plants_Shrubs
HAM_179,HAM,Plants_Shrubs
HAM_180,HAM,Plants_Shrubs
HAM_181,HAM,Plants_Shrubs
HAM_182,HAM,Plants_Shrubs
HAM_183,HAM,Plants_Shrubs
HAM_184,HAM,Plants_Shrubs
HAM_185,HAM,Plants_Shrubs
HAM_186,HAM,Plants_Shrubs
HAM_187,HAM,Plants_Shrubs
HAM_188,HAM,Plants_Shrubs
HAM_189,HAM,Plants_Shrubs
HAM_190,HAM,Plants_Shrubs
PSY_352,PSY,Plants_Shrubs
PSY_353,PSY,Plants_Shrubs
PSY_354,PSY,Plants_Shrubs
PSY_355,PSY,Plants_Shrubs
PSY_356,PSY,Plants_Shrubs
PSY_357,PSY,Plants_Shrubs
PSY_358,PSY,Plants_Shrubs
PSY_359,PSY,Plants_Shrubs
PSY_360,PSY,Plants_Shrubs
PSY_361,PSY,Plants_Shrubs
PSY_362,PSY,Plants_Shrubs
PSY_363,PSY,Plants_Shrubs
PSY_364,PSY,Plants_Shrubs
PSY_365,PSY,Plants_Shrubs
PSY_366,PSY,Plants_Shrubs
PSY_367,PSY,Plants_Shrubs
PSY_368,PSY,Plants_Shrubs
PSY_369,PSY,Plants_Shrubs
PSY_370,PSY,Plants_Shrubs
PSY_371,PSY,Plants_Shrubs
PSY_372,PSY,Plants_Shrubs
PSY_373,PSY,Plants_Shrubs
PSY_374,PSY,Plants_Shrubs
PSY_375,PSY,Plants_Shrubs
PSY_376,PSY,Plants_Shrubs
PSY_377,PSY,Plants_Shrubs
PSY_378,PSY,Plants_Shrubs
PSY_379,PSY,Plants_Shrubs
PSY_380,PSY,Plants_Shrubs
PSY_381,PSY,Plants_Shrubs
PSY_382,PSY,Plants_Shrubs
PSY_383,PSY,Plants_Shrubs
PSY_384,PSY,Plants_Shrubs
PSY_385,PSY,Plants_Shrubs
LJ_023,LJ,Plants_Trees
CHR_021,CHR,Plants_Shrubs
CG_012,CG,Plants_Trees
CHR_022,CHR,Plants_Shrubs
CG_013,CG,Plants_Trees
CES_027,CES,Plants_Shrubs
CES_028,CES,Plants_Shrubs
ED_018,ED,Plants_Trees
LJ_024,LJ,Plants_Trees
PSY_386,PSY,Plants_Shrubs
PSY_387,PSY,Plants_Shrubs
PSY_388,PSY,Plants_Shrubs
PSY_389,PSY,Plants_Shrubs
HAM_191,HAM,Plants_Shrubs
HAM_192,HAM,Plants_Shrubs
HAM_193,HAM,Plants_Shrubs
HAM_194,HAM,Plants_Shrubs
HAM_195,HAM,Plants_Shrubs
PSY_390,PSY,Plants_Shrubs
HAM_196,HAM,Plants_Shrubs
HAM_197,HAM,Plants_Shrubs
HAM_198,HAM,Plants_Shrubs
HAM_199,HAM,Plants_Shrubs
HAM_200,HAM,Plants_Shrubs
HAM_201,HAM,Plants_Shrubs
HAM_202,HAM,Plants_Shrubs
HAM_203,HAM,Plants_Shrubs
HAM_204,HAM,Plants_Shrubs
HAM_205,HAM,Plants_Shrubs
PSY_391,PSY,Plants_Shrubs
PSY_392,PSY,Plants_Shrubs
PSY_393,PSY,Plants_Shrubs
PSY_394,PSY,Plants_Shrubs
PSY_395,PSY,Plants_Shrubs
PSY_396,PSY,Plants_Shrubs
PSY_397,PSY,Plants_Shrubs
PSY_398,PSY,Plants_Shrubs
PSY_399,PSY,Plants_Shrubs
PSY_400,PSY,Plants_Shrubs
PSY_401,PSY,Plants_Shrubs
PSY_402,PSY,Plants_Shrubs
PSY_403,PSY,Plants_Shrubs
PSY_404,PSY,Plants_Shrubs
PSY_405,PSY,Plants_Shrubs
PSY_406,PSY,Plants_Shrubs
PSY_407,PSY,Plants_Shrubs
PSY_408,PSY,Plants_Shrubs
PSY_409,PSY,Plants_Shrubs
PSY_410,PSY,Plants_Shrubs
PSY_411,PSY,Plants_Shrubs
PSY_412,PSY,Plants_Shrubs
PSY_413,PSY,Plants_Shrubs
PSY_414,PSY,Plants_Shrubs
PSY_415,PSY,Plants_Shrubs
PSY_416,PSY,Plants_Shrubs
PSY_417,PSY,Plants_Shrubs
PSY_418,PSY,Plants_Shrubs
PSY_419,PSY,Plants_Shrubs
PSY_420,PSY,Plants_Shrubs
PSY_421,PSY,Plants_Shrubs
PSY_422,PSY,Plants_Shrubs
PSY_423,PSY,Plants_Shrubs
PSY_424,PSY,Plants_Shrubs
PSY_425,PSY,Plants_Shrubs
PSY_426,PSY,Plants_Shrubs
PSY_427,PSY,Plants_Shrubs
PSY_428,PSY,Plants_Shrubs
PSY_429,PSY,Plants_Shrubs
PSY_430,PSY,Plants_Shrubs
PSY_431,PSY,Plants_Shrubs
PSY_432,PSY,Plants_Shrubs
PSY_433,PSY,Plants_Shrubs
PSY_434,PSY,Plants_Shrubs
LJ_025,LJ,Plants_Trees
CHR_023,CHR,Plants_Shrubs
CG_014,CG,Plants_Trees
CHR_024,CHR,Plants_Shrubs
CG_015,CG,Plants_Trees
CES_029,CES,Plants_Shrubs
CES_030,CES,Plants_Shrubs
ED_019,ED,Plants_Trees
LJ_026,LJ,Plants_Trees
PSY_435,PSY,Plants_Shrubs
PSY_436,PSY,Plants_Shrubs
PSY_437,PSY,Plants_Shrubs
PSY_438,PSY,Plants_Shrubs
HAM_206,HAM,Plants_Shrubs
HAM_207,HAM,Plants_Shrubs
HAM_208,HAM,Plants_Shrubs
HAM_209,HAM,Plants_Shrubs
HAM_210,HAM,Plants_Shrubs
PSY_439,PSY,Plants_Shrubs
HAM_211,HAM,Plants_Shrubs
HAM_212,HAM,Plants_Shrubs
HAM_213,HAM,Plants_Shrubs
HAM_214,HAM,Plants_Shrubs
HAM_215,HAM,Plants_Shrubs
HAM_216,HAM,Plants_Shrubs
HAM_217,HAM,Plants_Shrubs
HAM_218,HAM,Plants_Shrubs
HAM_219,HAM,Plants_Shrubs
HAM_220,HAM,Plants_Shrubs
PSY_440,PSY,Plants_Shrubs
PSY_441,PSY,Plants_Shrubs
PSY_442,PSY,Plants_Shrubs
PSY_443,PSY,Plants_Shrubs
PSY_444,PSY,Plants_Shrubs
PSY_445,PSY,Plants_Shrubs
PSY_446,PSY,Plants_Shrubs
PSY_447,PSY,Plants_Shrubs
PSY_448,PSY,Plants_Shrubs
PSY_449,PSY,Plants_Shrubs
PSY_450,PSY,Plants_Shrubs
PSY_451,PSY,Plants_Shrubs
PSY_452,PSY,Plants_Shrubs
PSY_453,PSY,Plants_Shrubs
PSY_454,PSY,Plants_Shrubs
PSY_455,PSY,Plants_Shrubs
PSY_456,PSY,Plants_Shrubs
PSY_457,PSY,Plants_Shrubs
PSY_458,PSY,Plants_Shrubs
PSY_459,PSY,Plants_Shrubs
PSY_460,PSY,Plants_Shrubs
PSY_461,PSY,Plants_Shrubs
PSY_462,PSY,Plants_Shrubs
PSY_463,PSY,Plants_Shrubs
PSY_464,PSY,Plants_Shrubs
PSY_465,PSY,Plants_Shrubs
PSY_466,PSY,Plants_Shrubs
PSY_467,PSY,Plants_Shrubs
PSY_468,PSY,Plants_Shrubs
PSY_469,PSY,Plants_Shrubs
PSY_470,PSY,Plants_Shrubs
PSY_471,PSY,Plants_Shrubs
PSY_472,PSY,Plants_Shrubs
PSY_473,PSY,Plants_Shrubs
PSY_474,PSY,Plants_Shrubs
PSY_475,PSY,Plants_Shrubs
PSY_476,PSY,Plants_Shrubs
PSY_477,PSY,Plants_Shrubs
PSY_478,PSY,Plants_Shrubs
PSY_479,PSY,Plants_Shrubs
PSY_480,PSY,Plants_Shrubs
PSY_481,PSY,Plants_Shrubs
PSY_482,PSY,Plants_Shrubs
PSY_483,PSY,Plants_Shrubs
POM_001,POM,Plants_Shrubs
POM_002,POM,Plants_Shrubs
POM_003,POM,Plants_Shrubs
POM_004,POM,Plants_Shrubs
POM_005,POM,Plants_Shrubs
POM_006,POM,Plants_Shrubs
POM_007,POM,Plants_Shrubs
POM_008,POM,Plants_Shrubs
POM_009,POM,Plants_Shrubs
POM_010,POM,Plants_Shrubs
POM_011,POM,Plants_Shrubs
POM_012,POM,Plants_Shrubs
POM_013,POM,Plants_Shrubs
POM_014,POM,Plants_Shrubs
POM_015,POM,Plants_Shrubs
POM_016,POM,Plants_Shrubs
POM_017,POM,Plants_Shrubs
POM_018,POM,Plants_Shrubs
POM_019,POM,Plants_Shrubs
POM_020,POM,Plants_Shrubs
POM_021,POM,Plants_Shrubs
POM_022,POM,Plants_Shrubs
POM_023,POM,Plants_Shrubs
POM_024,POM,Plants_Shrubs
POM_025,POM,Plants_Shrubs
POM_026,POM,Plants_Shrubs
POM_027,POM,Plants_Shrubs
POM_028,POM,Plants_Shrubs
POM_029,POM,Plants_Shrubs
POM_030,POM,Plants_Shrubs
POM_031,POM,Plants_Shrubs
POM_032,POM,Plants_Shrubs
POM_033,POM,Plants_Shrubs
POM_034,POM,Plants_Shrubs
POM_035,POM,Plants_Shrubs
POM_036,POM,Plants_Shrubs
POM_037,POM,Plants_Shrubs
POM_038,POM,Plants_Shrubs
POM_039,POM,Plants_Shrubs
POM_040,POM,Plants_Shrubs
POM_041,POM,Plants_Shrubs
POM_042,POM,Plants_Shrubs
POM_043,POM,Plants_Shrubs
POM_044,POM,Plants_Shrubs
POM_045,POM,Plants_Shrubs
POM_046,POM,Plants_Shrubs
POM_047,POM,Plants_Shrubs
POM_048,POM,Plants_Shrubs
POM_049,POM,Plants_Shrubs
POM_050,POM,Plants_Shrubs
POM_051,POM,Plants_Shrubs
POM_052,POM,Plants_Shrubs
POM_053,POM,Plants_Shrubs
POM_054,POM,Plants_Shrubs
POM_055,POM,Plants_Shrubs
POM_056,POM,Plants_Shrubs
POM_057,POM,Plants_Shrubs
POM_058,POM,Plants_Shrubs
POM_059,POM,Plants_Shrubs
POM_060,POM,Plants_Shrubs
POM_061,POM,Plants_Shrubs
POM_062,POM,Plants_Shrubs
POM_063,POM,Plants_Shrubs
POM_064,POM,Plants_Shrubs
POM_065,POM,Plants_Shrubs
POM_066,POM,Plants_Shrubs
POM_067,POM,Plants_Shrubs
POM_068,POM,Plants_Shrubs
POM_069,POM,Plants_Shrubs
POM_070,POM,Plants_Shrubs
POM_071,POM,Plants_Shrubs
POM_072,POM,Plants_Shrubs
POM_073,POM,Plants_Shrubs
POM_074,POM,Plants_Shrubs
POM_075,POM,Plants_Shrubs
POM_076,POM,Plants_Shrubs
POM_077,POM,Plants_Shrubs
POM_078,POM,Plants_Shrubs
POM_079,POM,Plants_Shrubs
POM_080,POM,Plants_Shrubs
POM_081,POM,Plants_Shrubs
POM_082,POM,Plants_Shrubs
POM_083,POM,Plants_Shrubs
POM_084,POM,Plants_Shrubs
POM_085,POM,Plants_Shrubs
POM_086,POM,Plants_Shrubs
POM_087,POM,Plants_Shrubs
POM_088,POM,Plants_Shrubs
POM_089,POM,Plants_Shrubs
POM_090,POM,Plants_Shrubs
POM_091,POM,Plants_Shrubs
POM_092,POM,Plants_Shrubs
POM_093,POM,Plants_Shrubs
POM_094,POM,Plants_Shrubs
POM_095,POM,Plants_Shrubs
POM_096,POM,Plants_Shrubs
POM_097,POM,Plants_Shrubs
POM_098,POM,Plants_Shrubs
POM_099,POM,Plants_Shrubs
POM_100,POM,Plants_Shrubs
POM_101,POM,Plants_Shrubs
POM_102,POM,Plants_Shrubs
POM_103,POM,Plants_Shrubs
POM_104,POM,Plants_Shrubs
POM_105,POM,Plants_Shrubs
POM_106,POM,Plants_Shrubs
POM_107,POM,Plants_Shrubs
POM_108,POM,Plants_Shrubs
POM_109,POM,Plants_Shrubs
POM_110,POM,Plants_Shrubs
POM_111,POM,Plants_Shrubs
POM_112,POM,Plants_Shrubs
POM_113,POM,Plants_Shrubs
POM_114,POM,Plants_Shrubs
POM_115,POM,Plants_Shrubs
POM_116,POM,Plants_Shrubs
POM_117,POM,Plants_Shrubs
POM_118,POM,Plants_Shrubs
POM_119,POM,Plants_Shrubs
POM_120,POM,Plants_Shrubs
POM_121,POM,Plants_Shrubs
POM_122,POM,Plants_Shrubs
POM_123,POM,Plants_Shrubs
POM_124,POM,Plants_Shrubs
POM_125,POM,Plants_Shrubs
POM_126,POM,Plants_Shrubs
POM_127,POM,Plants_Shrubs
POM_128,POM,Plants_Shrubs
POM_129,POM,Plants_Shrubs
POM_130,POM,Plants_Shrubs
POM_131,POM,Plants_Shrubs
POM_132,POM,Plants_Shrubs
POM_133,POM,Plants_Shrubs
POM_134,POM,Plants_Shrubs
POM_135,POM,Plants_Shrubs
POM_136,POM,Plants_Shrubs
POM_137,POM,Plants_Shrubs
POM_138,POM,Plants_Shrubs
POM_139,POM,Plants_Shrubs
POM_140,POM,Plants_Shrubs
POM_141,POM,Plants_Shrubs
POM_142,POM,Plants_Shrubs
POM_143,POM,Plants_Shrubs
POM_144,POM,Plants_Shrubs
POM_145,POM,Plants_Shrubs
POM_146,POM,Plants_Shrubs
POM_147,POM,Plants_Shrubs
POM_148,POM,Plants_Shrubs
POM_149,POM,Plants_Shrubs
POM_150,POM,Plants_Shrubs
POM_151,POM,Plants_Shrubs
POM_152,POM,Plants_Shrubs
POM_153,POM,Plants_Shrubs
POM_154,POM,Plants_Shrubs
POM_155,POM,Plants_Shrubs
POM_156,POM,Plants_Shrubs
POM_157,POM,Plants_Shrubs
POM_158,POM,Plants_Shrubs
POM_159,POM,Plants_Shrubs
POM_160,POM,Plants_Shrubs
POM_161,POM,Plants_Shrubs
POM_162,POM,Plants_Shrubs
POM_163,POM,Plants_Shrubs
POM_164,POM,Plants_Shrubs
POM_165,POM,Plants_Shrubs
POM_166,POM,Plants_Shrubs
POM_167,POM,Plants_Shrubs
POM_168,POM,Plants_Shrubs
POM_169,POM,Plants_Shrubs
POM_170,POM,Plants_Shrubs
POM_171,POM,Plants_Shrubs
POM_172,POM,Plants_Shrubs
POM_173,POM,Plants_Shrubs
POM_174,POM,Plants_Shrubs
POM_175,POM,Plants_Shrubs
POM_176,POM,Plants_Shrubs
POM_177,POM,Plants_Shrubs
POM_178,POM,Plants_Shrubs
POM_179,POM,Plants_Shrubs
POM_180,POM,Plants_Shrubs
POM_181,POM,Plants_Shrubs
POM_182,POM,Plants_Shrubs
POM_183,POM,Plants_Shrubs
POM_184,POM,Plants_Shrubs
POM_185,POM,Plants_Shrubs
POM_186,POM,Plants_Shrubs
POM_187,POM,Plants_Shrubs
POM_188,POM,Plants_Shrubs
POM_189,POM,Plants_Shrubs
POM_190,POM,Plants_Shrubs
POM_191,POM,Plants_Shrubs
POM_192,POM,Plants_Shrubs
POM_193,POM,Plants_Shrubs
POM_194,POM,Plants_Shrubs
POM_195,POM,Plants_Shrubs
POM_196,POM,Plants_Shrubs
POM_197,POM,Plants_Shrubs
POM_198,POM,Plants_Shrubs
POM_199,POM,Plants_Shrubs
POM_200,POM,Plants_Shrubs
POM_201,POM,Plants_Shrubs
POM_202,POM,Plants_Shrubs
POM_203,POM,Plants_Shrubs
POM_204,POM,Plants_Shrubs
POM_205,POM,Plants_Shrubs
POM_206,POM,Plants_Shrubs
POM_207,POM,Plants_Shrubs
POM_208,POM,Plants_Shrubs
POM_209,POM,Plants_Shrubs
POM_210,POM,Plants_Shrubs
POM_211,POM,Plants_Shrubs
POM_212,POM,Plants_Shrubs
POM_213,POM,Plants_Shrubs
POM_214,POM,Plants_Shrubs
POM_215,POM,Plants_Shrubs
POM_216,POM,Plants_Shrubs
POM_217,POM,Plants_Shrubs
POM_218,POM,Plants_Shrubs
POM_219,POM,Plants_Shrubs
POM_220,POM,Plants_Shrubs
POM_221,POM,Plants_Shrubs
POM_222,POM,Plants_Shrubs
POM_223,POM,Plants_Shrubs
POM_224,POM,Plants_Shrubs
POM_225,POM,Plants_Shrubs
POM_226,POM,Plants_Shrubs
POM_227,POM,Plants_Shrubs
POM_228,POM,Plants_Shrubs
POM_229,POM,Plants_Shrubs
POM_230,POM,Plants_Shrubs
POM_231,POM,Plants_Shrubs
POM_232,POM,Plants_Shrubs
POM_233,POM,Plants_Shrubs
POM_234,POM,Plants_Shrubs
POM_235,POM,Plants_Shrubs
POM_236,POM,Plants_Shrubs
POM_237,POM,Plants_Shrubs
POM_238,POM,Plants_Shrubs
POM_239,POM,Plants_Shrubs
POM_240,POM,Plants_Shrubs
POM_241,POM,Plants_Shrubs
POM_242,POM,Plants_Shrubs
POM_243,POM,Plants_Shrubs
POM_244,POM,Plants_Shrubs
POM_245,POM,Plants_Shrubs
POM_246,POM,Plants_Shrubs
POM_247,POM,Plants_Shrubs
POM_248,POM,Plants_Shrubs
POM_249,POM,Plants_Shrubs
POM_250,POM,Plants_Shrubs
POM_251,POM,Plants_Shrubs
POM_252,POM,Plants_Shrubs
POM_253,POM,Plants_Shrubs
POM_254,POM,Plants_Shrubs
POM_255,POM,Plants_Shrubs
POM_256,POM,Plants_Shrubs
POM_257,POM,Plants_Shrubs
POM_258,POM,Plants_Shrubs
POM_259,POM,Plants_Shrubs
POM_260,POM,Plants_Shrubs
POM_261,POM,Plants_Shrubs
POM_262,POM,Plants_Shrubs
POM_263,POM,Plants_Shrubs
POM_264,POM,Plants_Shrubs
POM_265,POM,Plants_Shrubs
POM_266,POM,Plants_Shrubs
POM_267,POM,Plants_Shrubs
POM_268,POM,Plants_Shrubs
POM_269,POM,Plants_Shrubs
POM_270,POM,Plants_Shrubs
POM_271,POM,Plants_Shrubs
POM_272,POM,Plants_Shrubs
POM_273,POM,Plants_Shrubs
POM_274,POM,Plants_Shrubs
POM_275,POM,Plants_Shrubs
POM_276,POM,Plants_Shrubs
POM_277,POM,Plants_Shrubs
POM_278,POM,Plants_Shrubs
POM_279,POM,Plants_Shrubs
POM_280,POM,Plants_Shrubs
POM_281,POM,Plants_Shrubs
POM_282,POM,Plants_Shrubs
POM_283,POM,Plants_Shrubs
POM_284,POM,Plants_Shrubs
POM_285,POM,Plants_Shrubs
POM_286,POM,Plants_Shrubs
POM_287,POM,Plants_Shrubs
POM_288,POM,Plants_Shrubs
POM_289,POM,Plants_Shrubs
POM_290,POM,Plants_Shrubs
POM_291,POM,Plants_Shrubs
POM_292,POM,Plants_Shrubs
POM_293,POM,Plants_Shrubs
POM_294,POM,Plants_Shrubs
POM_295,POM,Plants_Shrubs
POM_296,POM,Plants_Shrubs
POM_297,POM,Plants_Shrubs
POM_298,POM,Plants_Shrubs
POM_299,POM,Plants_Shrubs
POM_300,POM,Plants_Shrubs
POM_301,POM,Plants_Shrubs
POM_302,POM,Plants_Shrubs
POM_303,POM,Plants_Shrubs
POM_304,POM,Plants_Shrubs
POM_305,POM,Plants_Shrubs
POM_306,POM,Plants_Shrubs
POM_307,POM,Plants_Shrubs
POM_308,POM,Plants_Shrubs
POM_309,POM,Plants_Shrubs
POM_310,POM,Plants_Shrubs
POM_311,POM,Plants_Shrubs
POM_312,POM,Plants_Shrubs
POM_313,POM,Plants_Shrubs
POM_314,POM,Plants_Shrubs
POM_315,POM,Plants_Shrubs
POM_316,POM,Plants_Shrubs
POM_317,POM,Plants_Shrubs
POM_318,POM,Plants_Shrubs
POM_319,POM,Plants_Shrubs
POM_320,POM,Plants_Shrubs
POM_321,POM,Plants_Shrubs
POM_322,POM,Plants_Shrubs
POM_323,POM,Plants_Shrubs
POM_324,POM,Plants_Shrubs
POM_325,POM,Plants_Shrubs
POM_326,POM,Plants_Shrubs
POM_327,POM,Plants_Shrubs
POM_328,POM,Plants_Shrubs
POM_329,POM,Plants_Shrubs
POM_330,POM,Plants_Shrubs
POM_331,POM,Plants_Shrubs
POM_332,POM,Plants_Shrubs
POM_333,POM,Plants_Shrubs
POM_334,POM,Plants_Shrubs
POM_335,POM,Plants_Shrubs
POM_336,POM,Plants_Shrubs
POM_337,POM,Plants_Shrubs
POM_338,POM,Plants_Shrubs
POM_339,POM,Plants_Shrubs
POM_340,POM,Plants_Shrubs
POM_341,POM,Plants_Shrubs
POM_342,POM,Plants_Shrubs
POM_343,POM,Plants_Shrubs
POM_344,POM,Plants_Shrubs
POM_345,POM,Plants_Shrubs
POM_346,POM,Plants_Shrubs
POM_347,POM,Plants_Shrubs
POM_348,POM,Plants_Shrubs
POM_349,POM,Plants_Shrubs
POM_350,POM,Plants_Shrubs
POM_351,POM,Plants_Shrubs
POM_352,POM,Plants_Shrubs
POM_353,POM,Plants_Shrubs
POM_354,POM,Plants_Shrubs
POM_355,POM,Plants_Shrubs
POM_356,POM,Plants_Shrubs
POM_357,POM,Plants_Shrubs
POM_358,POM,Plants_Shrubs
POM_359,POM,Plants_Shrubs
POM_360,POM,Plants_Shrubs
POM_361,POM,Plants_Shrubs
POM_362,POM,Plants_Shrubs
POM_363,POM,Plants_Shrubs
POM_364,POM,Plants_Shrubs
POM_365,POM,Plants_Shrubs
POM_366,POM,Plants_Shrubs
POM_367,POM,Plants_Shrubs
POM_368,POM,Plants_Shrubs
POM_369,POM,Plants_Shrubs
POM_370,POM,Plants_Shrubs
POM_371,POM,Plants_Shrubs
POM_372,POM,Plants_Shrubs
POM_373,POM,Plants_Shrubs
POM_374,POM,Plants_Shrubs
POM_375,POM,Plants_Shrubs
POM_376,POM,Plants_Shrubs
POM_377,POM,Plants_Shrubs
POM_378,POM,Plants_Shrubs
POM_379,POM,Plants_Shrubs
POM_380,POM,Plants_Shrubs
POM_381,POM,Plants_Shrubs
POM_382,POM,Plants_Shrubs
POM_383,POM,Plants_Shrubs
POM_384,POM,Plants_Shrubs
POM_385,POM,Plants_Shrubs
POM_386,POM,Plants_Shrubs
POM_387,POM,Plants_Shrubs
POM_388,POM,Plants_Shrubs
POM_389,POM,Plants_Shrubs
POM_390,POM,Plants_Shrubs
POM_391,POM,Plants_Shrubs
POM_392,POM,Plants_Shrubs
POM_393,POM,Plants_Shrubs
POM_394,POM,Plants_Shrubs
POM_395,POM,Plants_Shrubs
POM_396,POM,Plants_Shrubs
POM_397,POM,Plants_Shrubs
POM_398,POM,Plants_Shrubs
POM_399,POM,Plants_Shrubs
POM_400,POM,Plants_Shrubs
POM_401,POM,Plants_Shrubs
POM_402,POM,Plants_Shrubs
POM_403,POM,Plants_Shrubs
POM_404,POM,Plants_Shrubs
POM_405,POM,Plants_Shrubs
POM_406,POM,Plants_Shrubs
POM_407,POM,Plants_Shrubs
POM_408,POM,Plants_Shrubs
POM_409,POM,Plants_Shrubs
POM_410,POM,Plants_Shrubs
POM_411,POM,Plants_Shrubs
POM_412,POM,Plants_Shrubs
POM_413,POM,Plants_Shrubs
POM_414,POM,Plants_Shrubs
POM_415,POM,Plants_Shrubs
POM_416,POM,Plants_Shrubs
POM_417,POM,Plants_Shrubs
POM_418,POM,Plants_Shrubs
POM_419,POM,Plants_Shrubs
POM_420,POM,Plants_Shrubs
POM_421,POM,Plants_Shrubs
POM_422,POM,Plants_Shrubs
POM_423,POM,Plants_Shrubs
POM_424,POM,Plants_Shrubs
POM_425,POM,Plants_Shrubs
POM_426,POM,Plants_Shrubs
POM_427,POM,Plants_Shrubs
POM_428,POM,Plants_Shrubs
POM_429,POM,Plants_Shrubs
POM_430,POM,Plants_Shrubs
POM_431,POM,Plants_Shrubs
POM_432,POM,Plants_Shrubs
POM_433,POM,Plants_Shrubs
POM_434,POM,Plants_Shrubs
POM_435,POM,Plants_Shrubs
POM_436,POM,Plants_Shrubs
POM_437,POM,Plants_Shrubs
POM_438,POM,Plants_Shrubs
POM_439,POM,Plants_Shrubs
POM_440,POM,Plants_Shrubs
POM_441,POM,Plants_Shrubs
POM_442,POM,Plants_Shrubs
POM_443,POM,Plants_Shrubs
POM_444,POM,Plants_Shrubs
POM_445,POM,Plants_Shrubs
POM_446,POM,Plants_Shrubs
POM_447,POM,Plants_Shrubs
POM_448,POM,Plants_Shrubs
POM_449,POM,Plants_Shrubs
POM_450,POM,Plants_Shrubs
POM_451,POM,Plants_Shrubs
POM_452,POM,Plants_Shrubs
POM_453,POM,Plants_Shrubs
POM_454,POM,Plants_Shrubs
POM_455,POM,Plants_Shrubs
POM_456,POM,Plants_Shrubs
POM_457,POM,Plants_Shrubs
POM_458,POM,Plants_Shrubs
POM_459,POM,Plants_Shrubs
POM_460,POM,Plants_Shrubs
POM_461,POM,Plants_Shrubs
POM_462,POM,Plants_Shrubs
POM_463,POM,Plants_Shrubs
POM_464,POM,Plants_Shrubs
POM_465,POM,Plants_Shrubs
POM_466,POM,Plants_Shrubs
POM_467,POM,Plants_Shrubs
POM_468,POM,Plants_Shrubs
POM_469,POM,Plants_Shrubs
POM_470,POM,Plants_Shrubs
POM_471,POM,Plants_Shrubs
POM_472,POM,Plants_Shrubs
POM_473,POM,Plants_Shrubs
POM_474,POM,Plants_Shrubs
POM_475,POM,Plants_Shrubs
POM_476,POM,Plants_Shrubs
POM_477,POM,Plants_Shrubs
POM_478,POM,Plants_Shrubs
POM_479,POM,Plants_Shrubs
POM_480,POM,Plants_Shrubs
POM_481,POM,Plants_Shrubs
POM_482,POM,Plants_Shrubs
POM_483,POM,Plants_Shrubs
POM_484,POM,Plants_Shrubs
POM_485,POM,Plants_Shrubs
POM_486,POM,Plants_Shrubs
POM_487,POM,Plants_Shrubs
POM_488,POM,Plants_Shrubs
POM_489,POM,Plants_Shrubs
POM_490,POM,Plants_Shrubs
POM_491,POM,Plants_Shrubs
POM_492,POM,Plants_Shrubs
POM_493,POM,Plants_Shrubs
POM_494,POM,Plants_Shrubs
POM_495,POM,Plants_Shrubs
POM_496,POM,Plants_Shrubs
POM_497,POM,Plants_Shrubs
POM_498,POM,Plants_Shrubs
POM_499,POM,Plants_Shrubs
POM_500,POM,Plants_Shrubs
POM_501,POM,Plants_Shrubs
POM_502,POM,Plants_Shrubs
POM_503,POM,Plants_Shrubs
POM_504,POM,Plants_Shrubs
POM_505,POM,Plants_Shrubs
POM_506,POM,Plants_Shrubs
POM_507,POM,Plants_Shrubs
POM_508,POM,Plants_Shrubs
POM_509,POM,Plants_Shrubs
POM_510,POM,Plants_Shrubs
POM_511,POM,Plants_Shrubs
POM_512,POM,Plants_Shrubs
POM_513,POM,Plants_Shrubs
POM_514,POM,Plants_Shrubs
POM_515,POM,Plants_Shrubs
POM_516,POM,Plants_Shrubs
POM_517,POM,Plants_Shrubs
POM_518,POM,Plants_Shrubs
POM_519,POM,Plants_Shrubs
POM_520,POM,Plants_Shrubs
POM_521,POM,Plants_Shrubs
POM_522,POM,Plants_Shrubs
POM_523,POM,Plants_Shrubs
POM_524,POM,Plants_Shrubs
POM_525,POM,Plants_Shrubs
POM_526,POM,Plants_Shrubs
POM_527,POM,Plants_Shrubs
POM_528,POM,Plants_Shrubs
POM_529,POM,Plants_Shrubs
POM_530,POM,Plants_Shrubs
POM_531,POM,Plants_Shrubs
POM_532,POM,Plants_Shrubs
POM_533,POM,Plants_Shrubs
POM_534,POM,Plants_Shrubs
POM_535,POM,Plants_Shrubs
POM_536,POM,Plants_Shrubs
POM_537,POM,Plants_Shrubs
POM_538,POM,Plants_Shrubs
POM_539,POM,Plants_Shrubs
POM_540,POM,Plants_Shrubs
POM_541,POM,Plants_Shrubs
POM_542,POM,Plants_Shrubs
POM_543,POM,Plants_Shrubs
POM_544,POM,Plants_Shrubs
POM_545,POM,Plants_Shrubs
POM_546,POM,Plants_Shrubs
POM_547,POM,Plants_Shrubs
POM_548,POM,Plants_Shrubs
POM_549,POM,Plants_Shrubs
POM_550,POM,Plants_Shrubs
POM_551,POM,Plants_Shrubs
POM_552,POM,Plants_Shrubs
POM_553,POM,Plants_Shrubs
POM_554,POM,Plants_Shrubs
POM_555,POM,Plants_Shrubs
POM_556,POM,Plants_Shrubs
POM_557,POM,Plants_Shrubs
POM_558,POM,Plants_Shrubs
POM_559,POM,Plants_Shrubs
POM_560,POM,Plants_Shrubs
POM_561,POM,Plants_Shrubs
POM_562,POM,Plants_Shrubs
POM_563,POM,Plants_Shrubs
POM_564,POM,Plants_Shrubs
POM_565,POM,Plants_Shrubs
POM_566,POM,Plants_Shrubs
POM_567,POM,Plants_Shrubs
POM_568,POM,Plants_Shrubs
POM_569,POM,Plants_Shrubs
POM_570,POM,Plants_Shrubs
POM_571,POM,Plants_Shrubs
POM_572,POM,Plants_Shrubs
POM_573,POM,Plants_Shrubs
POM_574,POM,Plants_Shrubs
POM_575,POM,Plants_Shrubs
POM_576,POM,Plants_Shrubs
POM_577,POM,Plants_Shrubs
POM_578,POM,Plants_Shrubs
POM_579,POM,Plants_Shrubs
POM_580,POM,Plants_Shrubs
POM_581,POM,Plants_Shrubs
POM_582,POM,Plants_Shrubs
POM_583,POM,Plants_Shrubs
POM_584,POM,Plants_Shrubs
POM_585,POM,Plants_Shrubs
POM_586,POM,Plants_Shrubs
POM_587,POM,Plants_Shrubs
POM_588,POM,Plants_Shrubs
POM_589,POM,Plants_Shrubs
POM_590,POM,Plants_Shrubs
POM_591,POM,Plants_Shrubs
POM_592,POM,Plants_Shrubs
POM_593,POM,Plants_Shrubs
POM_594,POM,Plants_Shrubs
POM_595,POM,Plants_Shrubs
POM_596,POM,Plants_Shrubs
POM_597,POM,Plants_Shrubs
POM_598,POM,Plants_Shrubs
POM_599,POM,Plants_Shrubs
POM_600,POM,Plants_Shrubs
POM_601,POM,Plants_Shrubs
POM_602,POM,Plants_Shrubs
POM_603,POM,Plants_Shrubs
POM_604,POM,Plants_Shrubs
POM_605,POM,Plants_Shrubs
POM_606,POM,Plants_Shrubs
POM_607,POM,Plants_Shrubs
POM_608,POM,Plants_Shrubs
POM_609,POM,Plants_Shrubs
POM_610,POM,Plants_Shrubs
POM_611,POM,Plants_Shrubs
POM_612,POM,Plants_Shrubs
POM_613,POM,Plants_Shrubs
POM_614,POM,Plants_Shrubs
POM_615,POM,Plants_Shrubs
POM_616,POM,Plants_Shrubs
POM_617,POM,Plants_Shrubs
POM_618,POM,Plants_Shrubs
POM_619,POM,Plants_Shrubs
POM_620,POM,Plants_Shrubs
POM_621,POM,Plants_Shrubs
POM_622,POM,Plants_Shrubs
POM_623,POM,Plants_Shrubs
POM_624,POM,Plants_Shrubs
POM_625,POM,Plants_Shrubs
POM_626,POM,Plants_Shrubs
POM_627,POM,Plants_Shrubs
POM_628,POM,Plants_Shrubs
POM_629,POM,Plants_Shrubs
POM_630,POM,Plants_Shrubs
POM_631,POM,Plants_Shrubs
POM_632,POM,Plants_Shrubs
POM_633,POM,Plants_Shrubs
POM_634,POM,Plants_Shrubs
POM_635,POM,Plants_Shrubs
POM_636,POM,Plants_Shrubs
POM_637,POM,Plants_Shrubs
POM_638,POM,Plants_Shrubs
POM_639,POM,Plants_Shrubs
POM_640,POM,Plants_Shrubs
POM_641,POM,Plants_Shrubs
POM_642,POM,Plants_Shrubs
POM_643,POM,Plants_Shrubs
POM_644,POM,Plants_Shrubs
POM_645,POM,Plants_Shrubs
POM_646,POM,Plants_Shrubs
POM_647,POM,Plants_Shrubs
POM_648,POM,Plants_Shrubs
POM_649,POM,Plants_Shrubs
POM_650,POM,Plants_Shrubs
POM_651,POM,Plants_Shrubs
POM_652,POM,Plants_Shrubs
POM_653,POM,Plants_Shrubs
POM_654,POM,Plants_Shrubs
POM_655,POM,Plants_Shrubs
POM_656,POM,Plants_Shrubs
POM_657,POM,Plants_Shrubs
POM_658,POM,Plants_Shrubs
POM_659,POM,Plants_Shrubs
POM_660,POM,Plants_Shrubs
POM_661,POM,Plants_Shrubs
POM_662,POM,Plants_Shrubs
POM_663,POM,Plants_Shrubs
POM_664,POM,Plants_Shrubs
POM_665,POM,Plants_Shrubs
POM_666,POM,Plants_Shrubs
POM_667,POM,Plants_Shrubs
POM_668,POM,Plants_Shrubs
POM_669,POM,Plants_Shrubs
POM_670,POM,Plants_Shrubs
POM_671,POM,Plants_Shrubs
POM_672,POM,Plants_Shrubs
POM_673,POM,Plants_Shrubs
POM_674,POM,Plants_Shrubs
POM_675,POM,Plants_Shrubs
POM_676,POM,Plants_Shrubs
POM_677,POM,Plants_Shrubs
POM_678,POM,Plants_Shrubs
POM_679,POM,Plants_Shrubs
POM_680,POM,Plants_Shrubs
POM_681,POM,Plants_Shrubs
POM_682,POM,Plants_Shrubs
POM_683,POM,Plants_Shrubs
POM_684,POM,Plants_Shrubs
POM_685,POM,Plants_Shrubs
POM_686,POM,Plants_Shrubs
POM_687,POM,Plants_Shrubs
POM_688,POM,Plants_Shrubs
POM_689,POM,Plants_Shrubs
POM_690,POM,Plants_Shrubs
POM_691,POM,Plants_Shrubs
POM_692,POM,Plants_Shrubs
POM_693,POM,Plants_Shrubs
POM_694,POM,Plants_Shrubs
POM_695,POM,Plants_Shrubs
POM_696,POM,Plants_Shrubs
POM_697,POM,Plants_Shrubs
POM_698,POM,Plants_Shrubs
POM_699,POM,Plants_Shrubs
POM_700,POM,Plants_Shrubs
POM_701,POM,Plants_Shrubs
POM_702,POM,Plants_Shrubs
POM_703,POM,Plants_Shrubs
POM_704,POM,Plants_Shrubs
POM_705,POM,Plants_Shrubs
POM_706,POM,Plants_Shrubs
POM_707,POM,Plants_Shrubs
POM_708,POM,Plants_Shrubs
POM_709,POM,Plants_Shrubs
POM_710,POM,Plants_Shrubs
POM_711,POM,Plants_Shrubs
POM_712,POM,Plants_Shrubs
POM_713,POM,Plants_Shrubs
POM_714,POM,Plants_Shrubs
POM_715,POM,Plants_Shrubs
POM_716,POM,Plants_Shrubs
POM_717,POM,Plants_Shrubs
POM_718,POM,Plants_Shrubs
POM_719,POM,Plants_Shrubs
POM_720,POM,Plants_Shrubs
POM_721,POM,Plants_Shrubs
POM_722,POM,Plants_Shrubs
POM_723,POM,Plants_Shrubs
POM_724,POM,Plants_Shrubs
POM_725,POM,Plants_Shrubs
POM_726,POM,Plants_Shrubs
POM_727,POM,Plants_Shrubs
POM_728,POM,Plants_Shrubs
POM_729,POM,Plants_Shrubs
POM_730,POM,Plants_Shrubs
POM_731,POM,Plants_Shrubs
POM_732,POM,Plants_Shrubs
POM_733,POM,Plants_Shrubs
POM_734,POM,Plants_Shrubs
POM_735,POM,Plants_Shrubs
POM_736,POM,Plants_Shrubs
POM_737,POM,Plants_Shrubs
POM_738,POM,Plants_Shrubs
POM_739,POM,Plants_Shrubs
POM_740,POM,Plants_Shrubs
POM_741,POM,Plants_Shrubs
POM_742,POM,Plants_Shrubs
POM_743,POM,Plants_Shrubs
POM_744,POM,Plants_Shrubs
POM_745,POM,Plants_Shrubs
POM_746,POM,Plants_Shrubs
POM_747,POM,Plants_Shrubs
POM_748,POM,Plants_Shrubs
POM_749,POM,Plants_Shrubs
POM_750,POM,Plants_Shrubs
POM_751,POM,Plants_Shrubs
POM_752,POM,Plants_Shrubs
POM_753,POM,Plants_Shrubs
POM_754,POM,Plants_Shrubs
POM_755,POM,Plants_Shrubs
POM_756,POM,Plants_Shrubs
POM_757,POM,Plants_Shrubs
POM_758,POM,Plants_Shrubs
POM_759,POM,Plants_Shrubs
POM_760,POM,Plants_Shrubs
POM_761,POM,Plants_Shrubs
POM_762,POM,Plants_Shrubs
POM_763,POM,Plants_Shrubs
POM_764,POM,Plants_Shrubs
POM_765,POM,Plants_Shrubs
POM_766,POM,Plants_Shrubs
POM_767,POM,Plants_Shrubs
POM_768,POM,Plants_Shrubs
POM_769,POM,Plants_Shrubs
POM_770,POM,Plants_Shrubs
POM_771,POM,Plants_Shrubs
POM_772,POM,Plants_Shrubs
POM_773,POM,Plants_Shrubs
POM_774,POM,Plants_Shrubs
POM_775,POM,Plants_Shrubs
POM_776,POM,Plants_Shrubs
POM_777,POM,Plants_Shrubs
POM_778,POM,Plants_Shrubs
POM_779,POM,Plants_Shrubs
POM_780,POM,Plants_Shrubs
POM_781,POM,Plants_Shrubs
POM_782,POM,Plants_Shrubs
POM_783,POM,Plants_Shrubs
POM_784,POM,Plants_Shrubs
POM_785,POM,Plants_Shrubs
POM_786,POM,Plants_Shrubs
POM_787,POM,Plants_Shrubs
POM_788,POM,Plants_Shrubs
POM_789,POM,Plants_Shrubs
POM_790,POM,Plants_Shrubs
POM_791,POM,Plants_Shrubs
POM_792,POM,Plants_Shrubs
POM_793,POM,Plants_Shrubs
POM_794,POM,Plants_Shrubs
POM_795,POM,Plants_Shrubs
POM_796,POM,Plants_Shrubs
POM_797,POM,Plants_Shrubs
POM_798,POM,Plants_Shrubs
RE_001,RE,Plants_Palms
PE_001,PE,Plants_Palms
PE_002,PE,Plants_Palms
PE_003,PE,Plants_Palms
RE_002,RE,Plants_Palms
ED_020,ED,Plants_Trees
PE_004,PE,Plants_Palms
CO_001,CO,Plants_Trees
CG_016,CG,Plants_Trees
CS_001,CS,Plants_Trees
CG_017,CG,Plants_Trees
CG_018,CG,Plants_Trees
CG_019,CG,Plants_Trees
CG_020,CG,Plants_Trees
SP_001,SP,Plants_Trees
SP_002,SP,Plants_Trees
SP_003,SP,Plants_Trees
SP_004,SP,Plants_Trees
SP_005,SP,Plants_Trees
POM_799,POM,Plants_Shrubs
POM_800,POM,Plants_Shrubs
POM_801,POM,Plants_Shrubs
POM_802,POM,Plants_Shrubs
POM_803,POM,Plants_Shrubs
POM_804,POM,Plants_Shrubs
POM_805,POM,Plants_Shrubs
POM_806,POM,Plants_Shrubs
POM_807,POM,Plants_Shrubs
POM_808,POM,Plants_Shrubs
POM_809,POM,Plants_Shrubs
POM_810,POM,Plants_Shrubs
POM_811,POM,Plants_Shrubs
POM_812,POM,Plants_Shrubs
POM_813,POM,Plants_Shrubs
POM_814,POM,Plants_Shrubs
POM_815,POM,Plants_Shrubs
POM_816,POM,Plants_Shrubs
POM_817,POM,Plants_Shrubs
POM_818,POM,Plants_Shrubs
POM_819,POM,Plants_Shrubs
POM_820,POM,Plants_Shrubs
POM_821,POM,Plants_Shrubs
POM_822,POM,Plants_Shrubs
POM_823,POM,Plants_Shrubs
POM_824,POM,Plants_Shrubs
POM_825,POM,Plants_Shrubs
POM_826,POM,Plants_Shrubs
POM_827,POM,Plants_Shrubs
POM_828,POM,Plants_Shrubs
POM_829,POM,Plants_Shrubs
POM_830,POM,Plants_Shrubs
POM_831,POM,Plants_Shrubs
POM_832,POM,Plants_Shrubs
POM_833,POM,Plants_Shrubs
POM_834,POM,Plants_Shrubs
POM_835,POM,Plants_Shrubs
POM_836,POM,Plants_Shrubs
POM_837,POM,Plants_Shrubs
POM_838,POM,Plants_Shrubs
POM_839,POM,Plants_Shrubs
POM_840,POM,Plants_Shrubs
POM_841,POM,Plants_Shrubs
POM_842,POM,Plants_Shrubs
POM_843,POM,Plants_Shrubs
POM_844,POM,Plants_Shrubs
POM_845,POM,Plants_Shrubs
POM_846,POM,Plants_Shrubs
POM_847,POM,Plants_Shrubs
POM_848,POM,Plants_Shrubs
POM_849,POM,Plants_Shrubs
POM_850,POM,Plants_Shrubs
POM_851,POM,Plants_Shrubs
POM_852,POM,Plants_Shrubs
POM_853,POM,Plants_Shrubs
POM_854,POM,Plants_Shrubs
POM_855,POM,Plants_Shrubs
POM_856,POM,Plants_Shrubs
POM_857,POM,Plants_Shrubs
POM_858,POM,Plants_Shrubs
POM_859,POM,Plants_Shrubs
POM_860,POM,Plants_Shrubs
POM_861,POM,Plants_Shrubs
POM_862,POM,Plants_Shrubs
POM_863,POM,Plants_Shrubs
POM_864,POM,Plants_Shrubs
POM_865,POM,Plants_Shrubs
POM_866,POM,Plants_Shrubs
POM_867,POM,Plants_Shrubs
POM_868,POM,Plants_Shrubs
POM_869,POM,Plants_Shrubs
POM_870,POM,Plants_Shrubs
POM_871,POM,Plants_Shrubs
POM_872,POM,Plants_Shrubs
POM_873,POM,Plants_Shrubs
POM_874,POM,Plants_Shrubs
POM_875,POM,Plants_Shrubs
POM_876,POM,Plants_Shrubs
POM_877,POM,Plants_Shrubs
POM_878,POM,Plants_Shrubs
POM_879,POM,Plants_Shrubs
POM_880,POM,Plants_Shrubs
POM_881,POM,Plants_Shrubs
POM_882,POM,Plants_Shrubs
POM_883,POM,Plants_Shrubs
POM_884,POM,Plants_Shrubs
POM_885,POM,Plants_Shrubs
POM_886,POM,Plants_Shrubs
POM_887,POM,Plants_Shrubs
POM_888,POM,Plants_Shrubs
POM_889,POM,Plants_Shrubs
POM_890,POM,Plants_Shrubs
POM_891,POM,Plants_Shrubs
POM_892,POM,Plants_Shrubs
POM_893,POM,Plants_Shrubs
POM_894,POM,Plants_Shrubs
POM_895,POM,Plants_Shrubs
POM_896,POM,Plants_Shrubs
POM_897,POM,Plants_Shrubs
POM_898,POM,Plants_Shrubs
POM_899,POM,Plants_Shrubs
POM_900,POM,Plants_Shrubs
POM_901,POM,Plants_Shrubs
POM_902,POM,Plants_Shrubs
POM_903,POM,Plants_Shrubs
POM_904,POM,Plants_Shrubs
POM_905,POM,Plants_Shrubs
POM_906,POM,Plants_Shrubs
POM_907,POM,Plants_Shrubs
POM_908,POM,Plants_Shrubs
POM_909,POM,Plants_Shrubs
POM_910,POM,Plants_Shrubs
POM_911,POM,Plants_Shrubs
POM_912,POM,Plants_Shrubs
POM_913,POM,Plants_Shrubs
POM_914,POM,Plants_Shrubs
POM_915,POM,Plants_Shrubs
POM_916,POM,Plants_Shrubs
POM_917,POM,Plants_Shrubs
POM_918,POM,Plants_Shrubs
POM_919,POM,Plants_Shrubs
POM_920,POM,Plants_Shrubs
POM_921,POM,Plants_Shrubs
POM_922,POM,Plants_Shrubs
POM_923,POM,Plants_Shrubs
POM_924,POM,Plants_Shrubs
POM_925,POM,Plants_Shrubs
POM_926,POM,Plants_Shrubs
POM_927,POM,Plants_Shrubs
POM_928,POM,Plants_Shrubs
POM_929,POM,Plants_Shrubs
POM_930,POM,Plants_Shrubs
POM_931,POM,Plants_Shrubs
POM_932,POM,Plants_Shrubs
POM_933,POM,Plants_Shrubs
POM_934,POM,Plants_Shrubs
POM_935,POM,Plants_Shrubs
POM_936,POM,Plants_Shrubs
POM_937,POM,Plants_Shrubs
POM_938,POM,Plants_Shrubs
POM_939,POM,Plants_Shrubs
POM_940,POM,Plants_Shrubs
POM_941,POM,Plants_Shrubs
POM_942,POM,Plants_Shrubs
POM_943,POM,Plants_Shrubs
POM_944,POM,Plants_Shrubs
POM_945,POM,Plants_Shrubs
POM_946,POM,Plants_Shrubs
POM_947,POM,Plants_Shrubs
POM_948,POM,Plants_Shrubs
POM_949,POM,Plants_Shrubs
POM_950,POM,Plants_Shrubs
POM_951,POM,Plants_Shrubs
POM_952,POM,Plants_Shrubs
POM_953,POM,Plants_Shrubs
POM_954,POM,Plants_Shrubs
POM_955,POM,Plants_Shrubs
POM_956,POM,Plants_Shrubs
POM_957,POM,Plants_Shrubs
POM_958,POM,Plants_Shrubs
POM_959,POM,Plants_Shrubs
POM_960,POM,Plants_Shrubs
POM_961,POM,Plants_Shrubs
POM_962,POM,Plants_Shrubs
POM_963,POM,Plants_Shrubs
POM_964,POM,Plants_Shrubs
POM_965,POM,Plants_Shrubs
POM_966,POM,Plants_Shrubs
POM_967,POM,Plants_Shrubs
POM_968,POM,Plants_Shrubs
POM_969,POM,Plants_Shrubs
POM_970,POM,Plants_Shrubs
POM_971,POM,Plants_Shrubs
POM_972,POM,Plants_Shrubs
POM_973,POM,Plants_Shrubs
POM_974,POM,Plants_Shrubs
POM_975,POM,Plants_Shrubs
POM_976,POM,Plants_Shrubs
POM_977,POM,Plants_Shrubs
POM_978,POM,Plants_Shrubs
POM_979,POM,Plants_Shrubs
POM_980,POM,Plants_Shrubs
POM_981,POM,Plants_Shrubs
POM_982,POM,Plants_Shrubs
POM_983,POM,Plants_Shrubs
POM_984,POM,Plants_Shrubs
POM_985,POM,Plants_Shrubs
POM_986,POM,Plants_Shrubs
POM_987,POM,Plants_Shrubs
POM_988,POM,Plants_Shrubs
POM_989,POM,Plants_Shrubs
POM_990,POM,Plants_Shrubs
POM_991,POM,Plants_Shrubs
POM_992,POM,Plants_Shrubs
POM_993,POM,Plants_Shrubs
POM_994,POM,Plants_Shrubs
POM_995,POM,Plants_Shrubs
POM_996,POM,Plants_Shrubs
POM_997,POM,Plants_Shrubs
POM_998,POM,Plants_Shrubs
POM_999,POM,Plants_Shrubs
POM_1000,POM,Plants_Shrubs
POM_1001,POM,Plants_Shrubs
POM_1002,POM,Plants_Shrubs
POM_1003,POM,Plants_Shrubs
POM_1004,POM,Plants_Shrubs
POM_1005,POM,Plants_Shrubs
POM_1006,POM,Plants_Shrubs
POM_1007,POM,Plants_Shrubs
POM_1008,POM,Plants_Shrubs
POM_1009,POM,Plants_Shrubs
PE_005,PE,Plants_Palms
PE_006,PE,Plants_Palms
PE_007,PE,Plants_Palms
PE_008,PE,Plants_Palms
CG_021,CG,Plants_Trees
CG_022,CG,Plants_Trees
SP_006,SP,Plants_Trees
SP_007,SP,Plants_Trees
SP_008,SP,Plants_Trees
SP_009,SP,Plants_Trees
SP_010,SP,Plants_Trees
SP_011,SP,Plants_Trees
SP_012,SP,Plants_Trees
SP_013,SP,Plants_Trees
SP_014,SP,Plants_Trees
SP_015,SP,Plants_Trees
SP_016,SP,Plants_Trees
SP_017,SP,Plants_Trees
SP_018,SP,Plants_Trees
SP_019,SP,Plants_Trees
SP_020,SP,Plants_Trees
QV_003,QV,Plants_Trees
SP_021,SP,Plants_Trees
SP_022,SP,Plants_Trees
SP_023,SP,Plants_Trees
SP_024,SP,Plants_Trees
SP_025,SP,Plants_Trees
SP_026,SP,Plants_Trees
DR_001,DR,Plants_Trees
DR_002,DR,Plants_Trees
DR_003,DR,Plants_Trees
DR_004,DR,Plants_Trees
DR_005,DR,Plants_Trees
CR_003,CR,Plants_Trees
CR_004,CR,Plants_Trees
BU_002,BU,Plants_Trees
ED_021,ED,Plants_Trees
ED_022,ED,Plants_Trees
CS_002,CS,Plants_Trees
LS_001,LS,Plants_Trees
CO_002,CO,Plants_Trees
QV_004,QV,Plants_Trees
QV_005,QV,Plants_Trees
BU_003,BU,Plants_Trees
BU_004,BU,Plants_Trees
BU_005,BU,Plants_Trees
BU_006,BU,Plants_Trees
BU_007,BU,Plants_Trees
BU_008,BU,Plants_Trees
BU_009,BU,Plants_Trees
BU_010,BU,Plants_Trees
BU_011,BU,Plants_Trees
BU_012,BU,Plants_Trees
BU_013,BU,Plants_Trees
BU_014,BU,Plants_Trees
BU_015,BU,Plants_Trees
BU_016,BU,Plants_Trees
ED_023,ED,Plants_Trees
ED_024,ED,Plants_Trees
ED_025,ED,Plants_Trees
ED_026,ED,Plants_Trees
ED_027,ED,Plants_Trees
CES_031,CES,Plants_Shrubs
CES_032,CES,Plants_Shrubs
CES_033,CES,Plants_Shrubs
ED_028,ED,Plants_Trees
ED_029,ED,Plants_Trees
CRI_011,CRI,Plants_Shrubs
CRI_012,CRI,Plants_Shrubs
CRI_013,CRI,Plants_Shrubs
CRI_014,CRI,Plants_Shrubs
CRI_015,CRI,Plants_Shrubs
CRI_016,CRI,Plants_Shrubs
CRI_017,CRI,Plants_Shrubs
CRI_018,CRI,Plants_Shrubs
BU_017,BU,Plants_Trees
BU_018,BU,Plants_Trees
BU_019,BU,Plants_Trees
BU_020,BU,Plants_Trees
BU_021,BU,Plants_Trees
CRI_019,CRI,Plants_Shrubs
CRI_020,CRI,Plants_Shrubs
CRI_021,CRI,Plants_Shrubs
CE_002,CE,Plants_Trees
BU_022,BU,Plants_Trees
CS_003,CS,Plants_Trees
CRI_022,CRI,Plants_Shrubs
CRI_023,CRI,Plants_Shrubs
CRI_024,CRI,Plants_Shrubs
CRI_025,CRI,Plants_Shrubs
LS_002,LS,Plants_Trees
LS_003,LS,Plants_Trees
LS_004,LS,Plants_Trees
CE_003,CE,Plants_Trees
LS_005,LS,Plants_Trees
BU_023,BU,Plants_Trees
CR_005,CR,Plants_Trees
CR_006,CR,Plants_Trees
CR_007,CR,Plants_Trees
CR_008,CR,Plants_Trees
LS_006,LS,Plants_Trees
CR_009,CR,Plants_Trees
CR_010,CR,Plants_Trees
CRI_026,CRI,Plants_Shrubs
QV_006,QV,Plants_Trees
CR_011,CR,Plants_Trees
CRI_027,CRI,Plants_Shrubs
CR_012,CR,Plants_Trees
CHR_025,CHR,Plants_Shrubs
CHR_026,CHR,Plants_Shrubs
CHR_027,CHR,Plants_Shrubs
CHR_028,CHR,Plants_Shrubs
QV_007,QV,Plants_Trees
CRI_028,CRI,Plants_Shrubs
CRI_029,CRI,Plants_Shrubs
QV_008,QV,Plants_Trees
CR_013,CR,Plants_Trees
CRI_030,CRI,Plants_Shrubs
CR_014,CR,Plants_Trees
CHR_029,CHR,Plants_Shrubs
CHR_030,CHR,Plants_Shrubs
CHR_031,CHR,Plants_Shrubs
CHR_032,CHR,Plants_Shrubs
QV_009,QV,Plants_Trees
CRI_031,CRI,Plants_Shrubs
CRI_032,CRI,Plants_Shrubs
QV_010,QV,Plants_Trees
CR_015,CR,Plants_Trees
CRI_033,CRI,Plants_Shrubs
CR_016,CR,Plants_Trees
CHR_033,CHR,Plants_Shrubs
CHR_034,CHR,Plants_Shrubs
CHR_035,CHR,Plants_Shrubs
CHR_036,CHR,Plants_Shrubs
QV_011,QV,Plants_Trees
CRI_034,CRI,Plants_Shrubs
CRI_035,CRI,Plants_Shrubs
QV_012,QV,Plants_Trees
CR_017,CR,Plants_Trees
CRI_036,CRI,Plants_Shrubs
CR_018,CR,Plants_Trees
CHR_037,CHR,Plants_Shrubs
CHR_038,CHR,Plants_Shrubs
CHR_039,CHR,Plants_Shrubs
CHR_040,CHR,Plants_Shrubs
QV_013,QV,Plants_Trees
CRI_037,CRI,Plants_Shrubs
COR_001,COR,Plants_Shrubs
QV_014,QV,Plants_Trees
QV_015,QV,Plants_Trees
CR_019,CR,Plants_Trees
CHR_041,CHR,Plants_Shrubs
CES_034,CES,Plants_Shrubs
QV_016,QV,Plants_Trees
CHR_042,CHR,Plants_Shrubs
CHR_043,CHR,Plants_Shrubs
CES_035,CES,Plants_Shrubs
CR_020,CR,Plants_Trees
CHR_044,CHR,Plants_Shrubs
CHR_045,CHR,Plants_Shrubs
CHR_046,CHR,Plants_Shrubs
COR_002,COR,Plants_Shrubs
QV_017,QV,Plants_Trees
QV_018,QV,Plants_Trees
CR_021,CR,Plants_Trees
CHR_047,CHR,Plants_Shrubs
CES_036,CES,Plants_Shrubs
QV_019,QV,Plants_Trees
CHR_048,CHR,Plants_Shrubs
CHR_049,CHR,Plants_Shrubs
CES_037,CES,Plants_Shrubs
CR_022,CR,Plants_Trees
CHR_050,CHR,Plants_Shrubs
CHR_051,CHR,Plants_Shrubs
CHR_052,CHR,Plants_Shrubs
COR_003,COR,Plants_Shrubs
QV_020,QV,Plants_Trees
QV_021,QV,Plants_Trees
CR_023,CR,Plants_Trees
CHR_053,CHR,Plants_Shrubs
CES_038,CES,Plants_Shrubs
QV_022,QV,Plants_Trees
CHR_054,CHR,Plants_Shrubs
CHR_055,CHR,Plants_Shrubs
CES_039,CES,Plants_Shrubs
CR_024,CR,Plants_Trees
CHR_056,CHR,Plants_Shrubs
CHR_057,CHR,Plants_Shrubs
CHR_058,CHR,Plants_Shrubs
COR_004,COR,Plants_Shrubs
QV_023,QV,Plants_Trees
QV_024,QV,Plants_Trees
CR_025,CR,Plants_Trees
CHR_059,CHR,Plants_Shrubs
CES_040,CES,Plants_Shrubs
QV_025,QV,Plants_Trees
CHR_060,CHR,Plants_Shrubs
CHR_061,CHR,Plants_Shrubs
CES_041,CES,Plants_Shrubs
CR_026,CR,Plants_Trees
CHR_062,CHR,Plants_Shrubs
CHR_063,CHR,Plants_Shrubs
CHR_064,CHR,Plants_Shrubs
COR_005,COR,Plants_Shrubs
QV_026,QV,Plants_Trees
QV_027,QV,Plants_Trees
CR_027,CR,Plants_Trees
CHR_065,CHR,Plants_Shrubs
CES_042,CES,Plants_Shrubs
QV_028,QV,Plants_Trees
CHR_066,CHR,Plants_Shrubs
CHR_067,CHR,Plants_Shrubs
CES_043,CES,Plants_Shrubs
CR_028,CR,Plants_Trees
CHR_068,CHR,Plants_Shrubs
CHR_069,CHR,Plants_Shrubs
CHR_070,CHR,Plants_Shrubs
COR_006,COR,Plants_Shrubs
QV_029,QV,Plants_Trees
QV_030,QV,Plants_Trees
CR_029,CR,Plants_Trees
CHR_071,CHR,Plants_Shrubs
CES_044,CES,Plants_Shrubs
QV_031,QV,Plants_Trees
CHR_072,CHR,Plants_Shrubs
CHR_073,CHR,Plants_Shrubs
CES_045,CES,Plants_Shrubs
CR_030,CR,Plants_Trees
CHR_074,CHR,Plants_Shrubs
CHR_075,CHR,Plants_Shrubs
CHR_076,CHR,Plants_Shrubs
COR_007,COR,Plants_Shrubs
QV_032,QV,Plants_Trees
QV_033,QV,Plants_Trees
CR_031,CR,Plants_Trees
CHR_077,CHR,Plants_Shrubs
CES_046,CES,Plants_Shrubs
QV_034,QV,Plants_Trees
CHR_078,CHR,Plants_Shrubs
CHR_079,CHR,Plants_Shrubs
CES_047,CES,Plants_Shrubs
CR_032,CR,Plants_Trees
CHR_080,CHR,Plants_Shrubs
CHR_081,CHR,Plants_Shrubs
CHR_082,CHR,Plants_Shrubs
COR_008,COR,Plants_Shrubs
QV_035,QV,Plants_Trees
QV_036,QV,Plants_Trees
CR_033,CR,Plants_Trees
CHR_083,CHR,Plants_Shrubs
CES_048,CES,Plants_Shrubs
QV_037,QV,Plants_Trees
CHR_084,CHR,Plants_Shrubs
CHR_085,CHR,Plants_Shrubs
CES_049,CES,Plants_Shrubs
CR_034,CR,Plants_Trees
CHR_086,CHR,Plants_Shrubs
CHR_087,CHR,Plants_Shrubs
CHR_088,CHR,Plants_Shrubs
QV_038,QV,Plants_Trees
CR_035,CR,Plants_Trees
CR_036,CR,Plants_Trees
CHR_089,CHR,Plants_Shrubs
COR_009,COR,Plants_Shrubs
QV_039,QV,Plants_Trees
CR_037,CR,Plants_Trees
QV_040,QV,Plants_Trees
CHR_090,CHR,Plants_Shrubs
CHR_091,CHR,Plants_Shrubs
QV_041,QV,Plants_Trees
CR_038,CR,Plants_Trees
CR_039,CR,Plants_Trees
CHR_092,CHR,Plants_Shrubs
COR_010,COR,Plants_Shrubs
QV_042,QV,Plants_Trees
CR_040,CR,Plants_Trees
QV_043,QV,Plants_Trees
CHR_093,CHR,Plants_Shrubs
CHR_094,CHR,Plants_Shrubs
QV_044,QV,Plants_Trees
CR_041,CR,Plants_Trees
CR_042,CR,Plants_Trees
CHR_095,CHR,Plants_Shrubs
COR_011,COR,Plants_Shrubs
QV_045,QV,Plants_Trees
CR_043,CR,Plants_Trees
QV_046,QV,Plants_Trees
CHR_096,CHR,Plants_Shrubs
CHR_097,CHR,Plants_Shrubs
QV_047,QV,Plants_Trees
CR_044,CR,Plants_Trees
CR_045,CR,Plants_Trees
CHR_098,CHR,Plants_Shrubs
COR_012,COR,Plants_Shrubs
QV_048,QV,Plants_Trees
CR_046,CR,Plants_Trees
QV_049,QV,Plants_Trees
CHR_099,CHR,Plants_Shrubs
CHR_100,CHR,Plants_Shrubs
QV_050,QV,Plants_Trees
CR_047,CR,Plants_Trees
CR_048,CR,Plants_Trees
CHR_101,CHR,Plants_Shrubs
COR_013,COR,Plants_Shrubs
QV_051,QV,Plants_Trees
CR_049,CR,Plants_Trees
QV_052,QV,Plants_Trees
CHR_102,CHR,Plants_Shrubs
CHR_103,CHR,Plants_Shrubs
QV_053,QV,Plants_Trees
CR_050,CR,Plants_Trees
CR_051,CR,Plants_Trees
CHR_104,CHR,Plants_Shrubs
COR_014,COR,Plants_Shrubs
QV_054,QV,Plants_Trees
CR_052,CR,Plants_Trees
QV_055,QV,Plants_Trees
CHR_105,CHR,Plants_Shrubs
CHR_106,CHR,Plants_Shrubs
CE_004,CE,Plants_Trees
CO_003,CO,Plants_Trees
CG_023,CG,Plants_Trees
CS_004,CS,Plants_Trees
CR_053,CR,Plants_Trees
QV_056,QV,Plants_Trees
DR_006,DR,Plants_Trees
ED_030,ED,Plants_Trees
LS_007,LS,Plants_Trees
LJ_027,LJ,Plants_Trees
BU_024,BU,Plants_Trees
RE_003,RE,Plants_Palms
PE_009,PE,Plants_Palms
SP_027,SP,Plants_Trees
CES_050,CES,Plants_Shrubs
CRI_038,CRI,Plants_Shrubs
POM_1010,POM,Plants_Shrubs
CE_005,CE,Plants_Trees
CO_004,CO,Plants_Trees
CG_024,CG,Plants_Trees
CS_005,CS,Plants_Trees
CR_054,CR,Plants_Trees
QV_057,QV,Plants_Trees
DR_007,DR,Plants_Trees
ED_031,ED,Plants_Trees
LS_008,LS,Plants_Trees
LJ_028,LJ,Plants_Trees
BU_025,BU,Plants_Trees
RE_004,RE,Plants_Palms
PE_010,PE,Plants_Palms
SP_028,SP,Plants_Trees
CES_051,CES,Plants_Shrubs
CRI_039,CRI,Plants_Shrubs
POM_1011,POM,Plants_Shrubs
CS_006,CS,Plants_Trees
LS_009,LS,Plants_Trees
LS_010,LS,Plants_Trees
LS_011,LS,Plants_Trees
LS_012,LS,Plants_Trees
CS_007,CS,Plants_Trees
CS_008,CS,Plants_Trees
BU_026,BU,Plants_Trees
BU_027,BU,Plants_Trees
CS_009,CS,Plants_Trees
CS_010,CS,Plants_Trees
DR_008,DR,Plants_Trees
DR_009,DR,Plants_Trees
CR_055,CR,Plants_Trees
CS_011,CS,Plants_Trees
CS_012,CS,Plants_Trees
CS_013,CS,Plants_Trees
CS_014,CS,Plants_Trees
CS_015,CS,Plants_Trees
CE_006,CE,Plants_Trees
CE_007,CE,Plants_Trees
CS_016,CS,Plants_Trees
CS_017,CS,Plants_Trees
CS_018,CS,Plants_Trees
CS_019,CS,Plants_Trees
CS_020,CS,Plants_Trees
CO_005,CO,Plants_Trees
BU_028,BU,Plants_Trees
BU_029,BU,Plants_Trees
CO_006,CO,Plants_Trees
CO_007,CO,Plants_Trees
BU_030,BU,Plants_Trees
CE_008,CE,Plants_Trees
CE_009,CE,Plants_Trees
CS_021,CS,Plants_Trees
CS_022,CS,Plants_Trees
CS_023,CS,Plants_Trees
CS_024,CS,Plants_Trees
CS_025,CS,Plants_Trees
CR_056,CR,Plants_Trees
CR_057,CR,Plants_Trees
LS_013,LS,Plants_Trees
LS_014,LS,Plants_Trees
CRI_040,CRI,Plants_Shrubs
CRI_041,CRI,Plants_Shrubs
CRI_042,CRI,Plants_Shrubs
CRI_043,CRI,Plants_Shrubs
BU_031,BU,Plants_Trees
BU_032,BU,Plants_Trees
BU_033,BU,Plants_Trees
BU_034,BU,Plants_Trees
BU_035,BU,Plants_Trees
BU_036,BU,Plants_Trees
CE_010,CE,Plants_Trees
CE_011,CE,Plants_Trees
BU_037,BU,Plants_Trees
BU_038,BU,Plants_Trees
BU_039,BU,Plants_Trees
PE_011,PE,Plants_Palms
PE_012,PE,Plants_Palms
SP_029,SP,Plants_Trees
SP_030,SP,Plants_Trees
SP_031,SP,Plants_Trees
SP_032,SP,Plants_Trees
SP_033,SP,Plants_Trees
SP_034,SP,Plants_Trees
CR_058,CR,Plants_Trees
CR_059,CR,Plants_Trees
SP_035,SP,Plants_Trees
SP_036,SP,Plants_Trees
SP_037,SP,Plants_Trees
CR_060,CR,Plants_Trees
CE_012,CE,Plants_Trees
LS_015,LS,Plants_Trees
LS_016,LS,Plants_Trees
CE_013,CE,Plants_Trees
POM_1012,POM,Plants_Shrubs
POM_1013,POM,Plants_Shrubs
POM_1014,POM,Plants_Shrubs
POM_1015,POM,Plants_Shrubs
POM_1016,POM,Plants_Shrubs
POM_1017,POM,Plants_Shrubs
POM_1018,POM,Plants_Shrubs
POM_1019,POM,Plants_Shrubs
POM_1020,POM,Plants_Shrubs
POM_1021,POM,Plants_Shrubs
POM_1022,POM,Plants_Shrubs
LS_017,LS,Plants_Trees
BU_040,BU,Plants_Trees
BU_041,BU,Plants_Trees
BU_042,BU,Plants_Trees
ED_032,ED,Plants_Trees
ED_033,ED,Plants_Trees
ED_034,ED,Plants_Trees
ED_035,ED,Plants_Trees
CS_026,CS,Plants_Trees
CS_027,CS,Plants_Trees
BU_043,BU,Plants_Trees
BU_044,BU,Plants_Trees
BU_045,BU,Plants_Trees
BU_046,BU,Plants_Trees
CS_028,CS,Plants_Trees
BU_047,BU,Plants_Trees
BU_048,BU,Plants_Trees
BU_049,BU,Plants_Trees
LS_018,LS,Plants_Trees
LS_019,LS,Plants_Trees
CG_025,CG,Plants_Trees
CO_008,CO,Plants_Trees
LJ_029,LJ,Plants_Trees
LJ_030,LJ,Plants_Trees
CR_061,CR,Plants_Trees
CR_062,CR,Plants_Trees
CR_063,CR,Plants_Trees
CR_064,CR,Plants_Trees
CG_026,CG,Plants_Trees
SP_038,SP,Plants_Trees
SP_039,SP,Plants_Trees
SP_040,SP,Plants_Trees
CR_065,CR,Plants_Trees
CO_009,CO,Plants_Trees
CE_014,CE,Plants_Trees
CES_052,CES,Plants_Shrubs
CES_053,CES,Plants_Shrubs
CES_054,CES,Plants_Shrubs
CES_055,CES,Plants_Shrubs
CES_056,CES,Plants_Shrubs
CES_057,CES,Plants_Shrubs
CES_058,CES,Plants_Shrubs
CES_059,CES,Plants_Shrubs
CES_060,CES,Plants_Shrubs
CR_066,CR,Plants_Trees
CES_061,CES,Plants_Shrubs
CES_062,CES,Plants_Shrubs
CES_063,CES,Plants_Shrubs
CES_064,CES,Plants_Shrubs
CES_065,CES,Plants_Shrubs
CES_066,CES,Plants_Shrubs
SP_041,SP,Plants_Trees
SP_042,SP,Plants_Trees
SP_043,SP,Plants_Trees
CS_029,CS,Plants_Trees
CS_030,CS,Plants_Trees
CS_031,CS,Plants_Trees
CS_032,CS,Plants_Trees
CR_067,CR,Plants_Trees
CR_068,CR,Plants_Trees
CR_069,CR,Plants_Trees
CES_067,CES,Plants_Shrubs
CES_068,CES,Plants_Shrubs
CES_069,CES,Plants_Shrubs
CES_070,CES,Plants_Shrubs
CES_071,CES,Plants_Shrubs
CES_072,CES,Plants_Shrubs
CES_073,CES,Plants_Shrubs
CES_074,CES,Plants_Shrubs
CES_075,CES,Plants_Shrubs
CES_076,CES,Plants_Shrubs
CES_077,CES,Plants_Shrubs
CES_078,CES,Plants_Shrubs
CES_079,CES,Plants_Shrubs
CES_080,CES,Plants_Shrubs
CES_081,CES,Plants_Shrubs
RE_005,RE,Plants_Palms
RE_006,RE,Plants_Palms
RE_007,RE,Plants_Palms
CE_015,CE,Plants_Trees
CO_010,CO,Plants_Trees
CO_011,CO,Plants_Trees
CO_012,CO,Plants_Trees
LJ_031,LJ,Plants_Trees
LJ_032,LJ,Plants_Trees
LJ_033,LJ,Plants_Trees
LJ_034,LJ,Plants_Trees
SP_044,SP,Plants_Trees
SP_045,SP,Plants_Trees
SP_046,SP,Plants_Trees
LJ_035,LJ,Plants_Trees
CO_013,CO,Plants_Trees
CO_014,CO,Plants_Trees
CO_015,CO,Plants_Trees
CG_027,CG,Plants_Trees
LJ_036,LJ,Plants_Trees
ED_036,ED,Plants_Trees
ED_037,ED,Plants_Trees
ED_038,ED,Plants_Trees
ED_039,ED,Plants_Trees
LJ_037,LJ,Plants_Trees
LJ_038,LJ,Plants_Trees
QV_058,QV,Plants_Trees
SP_047,SP,Plants_Trees
SP_048,SP,Plants_Trees
SP_049,SP,Plants_Trees
CE_016,CE,Plants_Trees
CE_017,CE,Plants_Trees
BU_050,BU,Plants_Trees
SP_050,SP,Plants_Trees
SP_051,SP,Plants_Trees
SP_052,SP,Plants_Trees
SP_053,SP,Plants_Trees
BU_051,BU,Plants_Trees
BU_052,BU,Plants_Trees
SP_054,SP,Plants_Trees
SP_055,SP,Plants_Trees
SP_056,SP,Plants_Trees
SP_057,SP,Plants_Trees
SP_058,SP,Plants_Trees
SP_059,SP,Plants_Trees
LS_020,LS,Plants_Trees
CRI_044,CRI,Plants_Shrubs
CRI_045,CRI,Plants_Shrubs
CRI_046,CRI,Plants_Shrubs
LS_021,LS,Plants_Trees
CR_070,CR,Plants_Trees
CR_071,CR,Plants_Trees
CR_072,CR,Plants_Trees
CR_073,CR,Plants_Trees
CR_074,CR,Plants_Trees
RE_008,RE,Plants_Palms
RE_009,RE,Plants_Palms
RE_010,RE,Plants_Palms
RE_011,RE,Plants_Palms
LS_022,LS,Plants_Trees
CE_018,CE,Plants_Trees
CS_033,CS,Plants_Trees
CS_034,CS,Plants_Trees
CS_035,CS,Plants_Trees
CS_036,CS,Plants_Trees
CS_037,CS,Plants_Trees
BU_053,BU,Plants_Trees
BU_054,BU,Plants_Trees
BU_055,BU,Plants_Trees
BU_056,BU,Plants_Trees
BU_057,BU,Plants_Trees
BU_058,BU,Plants_Trees
CS_038,CS,Plants_Trees
CS_039,CS,Plants_Trees
CS_040,CS,Plants_Trees
SP_060,SP,Plants_Trees
SP_061,SP,Plants_Trees
SP_062,SP,Plants_Trees
LS_023,LS,Plants_Trees
CR_075,CR,Plants_Trees
CE_019,CE,Plants_Trees
CE_020,CE,Plants_Trees
LS_024,LS,Plants_Trees
LJ_039,LJ,Plants_Trees
CRI_047,CRI,Plants_Shrubs
CRI_048,CRI,Plants_Shrubs
CRI_049,CRI,Plants_Shrubs
CS_041,CS,Plants_Trees
CE_021,CE,Plants_Trees
CE_022,CE,Plants_Trees
QV_059,QV,Plants_Trees
POM_1023,POM,Plants_Shrubs
POM_1024,POM,Plants_Shrubs
POM_1025,POM,Plants_Shrubs
POM_1026,POM,Plants_Shrubs
POM_1027,POM,Plants_Shrubs
POM_1028,POM,Plants_Shrubs
POM_1029,POM,Plants_Shrubs
POM_1030,POM,Plants_Shrubs
POM_1031,POM,Plants_Shrubs
POM_1032,POM,Plants_Shrubs
POM_1033,POM,Plants_Shrubs
CE_023,CE,Plants_Trees
CE_024,CE,Plants_Trees
QV_060,QV,Plants_Trees
SP_063,SP,Plants_Trees
SP_064,SP,Plants_Trees
SP_065,SP,Plants_Trees
SP_066,SP,Plants_Trees
SP_067,SP,Plants_Trees
SP_068,SP,Plants_Trees
CE_025,CE,Plants_Trees
QV_061,QV,Plants_Trees
CE_026,CE,Plants_Trees
SP_069,SP,Plants_Trees
SP_070,SP,Plants_Trees
SP_071,SP,Plants_Trees
CE_027,CE,Plants_Trees
SP_072,SP,Plants_Trees
SP_073,SP,Plants_Trees
SP_074,SP,Plants_Trees
CE_028,CE,Plants_Trees
QV_062,QV,Plants_Trees
CS_042,CS,Plants_Trees
CS_043,CS,Plants_Trees
ED_040,ED,Plants_Trees
CE_029,CE,Plants_Trees
ED_041,ED,Plants_Trees
ED_042,ED,Plants_Trees
CE_030,CE,Plants_Trees
ED_043,ED,Plants_Trees
ED_044,ED,Plants_Trees
SP_075,SP,Plants_Trees
SP_076,SP,Plants_Trees
SP_077,SP,Plants_Trees
CR_076,CR,Plants_Trees
CR_077,CR,Plants_Trees
CR_078,CR,Plants_Trees
LS_025,LS,Plants_Trees
CE_031,CE,Plants_Trees
QV_063,QV,Plants_Trees
QV_064,QV,Plants_Trees
LJ_040,LJ,Plants_Trees
LJ_041,LJ,Plants_Trees
SP_078,SP,Plants_Trees
SP_079,SP,Plants_Trees
SP_080,SP,Plants_Trees
LJ_042,LJ,Plants_Trees
SP_081,SP,Plants_Trees
SP_082,SP,Plants_Trees
SP_083,SP,Plants_Trees
LJ_043,LJ,Plants_Trees
CR_079,CR,Plants_Trees
CR_080,CR,Plants_Trees
CR_081,CR,Plants_Trees
CR_082,CR,Plants_Trees
CR_083,CR,Plants_Trees
CR_084,CR,Plants_Trees
CR_085,CR,Plants_Trees
CR_086,CR,Plants_Trees
SP_084,SP,Plants_Trees
SP_085,SP,Plants_Trees
SP_086,SP,Plants_Trees
CE_032,CE,Plants_Trees
LJ_044,LJ,Plants_Trees
RE_012,RE,Plants_Palms
RE_013,RE,Plants_Palms
RE_014,RE,Plants_Palms
SP_087,SP,Plants_Trees
SP_088,SP,Plants_Trees
SP_089,SP,Plants_Trees
PE_013,PE,Plants_Palms
PE_014,PE,Plants_Palms
PE_015,PE,Plants_Palms
LS_026,LS,Plants_Trees
LS_027,LS,Plants_Trees
LS_028,LS,Plants_Trees
